name,smiles,category,n_atoms,D_exp_eV,D_b3lyp_eV,err_b3lyp_eV,rel_err_b3lyp_pct,D_ptc_eV,err_ptc_eV,rel_err_ptc_pct,winner
acetophenone,CC(=O)C1=CC=CC=C1,Organique,17,80.979,79.7984,-1.1806,1.458,80.9773,-0.0017,0.002,ptc
quinoline,c1ccc2ncccc2c1,Inorganique,17,85.488,84.2443,-1.2437,1.455,85.4605,-0.0275,0.032,ptc
oxazole,C1=COC=N1,Organique,8,36.704,36.1770,-0.5270,1.436,36.6128,-0.0912,0.248,ptc
2-chlorotoluene,CC1=CC=CC=C1Cl,Organique,15,69.047,67.7164,-1.3306,1.927,69.0596,+0.0126,0.018,ptc
DMSO,CS(=O)C,Inorganique,10,35.428,34.0037,-1.4243,4.020,35.4313,+0.0033,0.009,ptc
tert-butylbenzene,CC(C)(C)c1ccccc1,Inorganique,24,106.149,104.3579,-1.7911,1.687,106.1380,-0.0110,0.010,ptc
Acetyl_chloride,CC(=O)Cl,Organique,7,27.6716,27.3346,-0.3370,1.218,27.6833,+0.0117,0.042,ptc
isobutyraldehyde,CC(C)C=O,Inorganique,13,52.606,51.7583,-0.8477,1.611,52.6137,+0.0077,0.015,ptc
B2,[B]=[B],Organique,2,3.02,2.6425,-0.3775,12.501,3.0195,-0.0005,0.015,ptc
methylhydrazine,CNN,Organique,9,31.18,28.9632,-2.2168,7.110,30.7807,-0.3993,1.281,ptc
2-methylthiophene,CC1=CC=CS1,Organique,12,52.703,51.5086,-1.1944,2.266,52.6940,-0.0090,0.017,ptc
2-methylthiophene,Cc1cccs1,Inorganique,12,54.963,51.5086,-3.4544,6.285,55.0053,+0.0423,0.077,ptc
SiS,[Si]#[S],Organique,2,6.39,5.8954,-0.4946,7.740,6.3873,-0.0027,0.042,ptc
2-phenylethanol,OCCC1=CC=CC=C1,Organique,19,85.865,84.2064,-1.6586,1.932,85.8433,-0.0217,0.025,ptc
cytosine,NC1=NC(=O)NC=C1,Organique,13,58.898,57.9361,-0.9619,1.633,58.3260,-0.5720,0.971,ptc
pyrrolidine,C1CCNC1,Organique,14,55.66,53.9281,-1.7319,3.112,55.4201,-0.2399,0.431,ptc
NO,[N]=O,Organique,2,6.5,6.4817,-0.0183,0.281,6.4981,-0.0019,0.029,ptc
thiophenol,Sc1ccccc1,Inorganique,13,59.832,58.6742,-1.1578,1.935,59.8152,-0.0168,0.028,ptc
NH,[N][H],Organique,2,3.47,3.4486,-0.0214,0.617,3.4687,-0.0013,0.037,ptc
furfuryl_alcohol,OCC1=CC=CO1,Organique,13,58.056,56.8846,-1.1714,2.018,58.0772,+0.0212,0.037,ptc
isoquinoline,c1ccc2ccncc2c1,Inorganique,17,85.445,84.2363,-1.2087,1.415,85.3818,-0.0632,0.074,ptc
Methanediol,C(O)O,Organique,7,25.2706,24.6299,-0.6407,2.535,25.2802,+0.0096,0.038,ptc
Aziridine,C1CN1,Organique,8,29.3328,29.1847,-0.1481,0.505,29.1359,-0.1969,0.671,b3lyp
cis_1_2_Dichloroethene,C(=C\Cl)\Cl,Organique,6,21.6646,21.2166,-0.4480,2.068,21.6953,+0.0307,0.142,ptc
1_2_Dichloroethene,C(=CCl)Cl,Organique,6,21.6646,21.2179,-0.4467,2.062,21.6953,+0.0307,0.142,ptc
MTBE,CC(C)(C)OC,Organique,18,69.772,68.6067,-1.1653,1.670,69.7344,-0.0376,0.054,ptc
LiF,[Li]F,Organique,2,5.97,5.6877,-0.2823,4.728,5.9754,+0.0054,0.090,ptc
di-n-propyl_ether,CCCOCCC,Organique,21,81.818,80.5897,-1.2283,1.501,81.7724,-0.0456,0.056,ptc
PS,[P]=S,Organique,2,4.5,4.1523,-0.3477,7.727,4.3596,-0.1404,3.120,ptc
PO,[P]=O,Organique,2,5.69,5.6689,-0.0211,0.371,5.6864,-0.0036,0.064,ptc
1-bromopropane,CCCBr,Organique,11,40.161,39.5509,-0.6101,1.519,40.1382,-0.0228,0.057,ptc
1-chloropropane,CCCCl,Organique,11,40.724,40.0057,-0.7183,1.764,40.7072,-0.0168,0.041,ptc
SiH,[Si][H],Organique,2,3.06,2.8936,-0.1664,5.438,3.0595,-0.0005,0.017,ptc
propyne,CC#C,Organique,7,29.4,28.8622,-0.5378,1.829,29.3797,-0.0203,0.069,ptc
MTBE,COC(C)(C)C,Inorganique,18,69.775,68.6066,-1.1684,1.675,69.7248,-0.0502,0.072,ptc
C2H6,CC,Organique,8,28.89,28.9346,+0.0446,0.154,28.8689,-0.0211,0.073,ptc
2_Chloroethanol,C(CCl)O,Organique,9,32.3289,31.7075,-0.6214,1.922,32.3135,-0.0154,0.048,ptc
propanethiol,CCCS,Organique,12,43.93,43.0009,-0.9291,2.115,43.8974,-0.0326,0.074,ptc
Cl2,ClCl,Organique,2,2.51,2.0393,-0.4707,18.751,2.5119,+0.0019,0.077,ptc
2-pyrrolidone,O=C1CCCN1,Organique,13,55.445,54.1148,-1.3302,2.399,55.1785,-0.2665,0.481,ptc
butanal,CCCC=O,Organique,13,52.52,51.6210,-0.8990,1.712,52.5614,+0.0414,0.079,ptc
nicotinic_acid,OC(=O)c1cccnc1,Organique,14,68.224,67.2995,-0.9245,1.355,68.4307,+0.2067,0.303,ptc
isopropyl_mercaptan,CC(C)S,Inorganique,12,44.021,43.0513,-0.9697,2.203,44.0598,+0.0388,0.088,ptc
ClNO,ClN=O,Organique,3,8.203,7.5864,-0.6166,7.516,8.2481,+0.0451,0.550,ptc
2-hexanone,CCCCC(=O)C,Inorganique,19,77.164,75.9846,-1.1794,1.528,77.2333,+0.0693,0.090,ptc
MIBK,CC(C)CC(=O)C,Inorganique,19,77.235,75.9351,-1.2999,1.683,77.3050,+0.0700,0.091,ptc
THP,C1CCOCC1,Organique,16,64.63,63.5271,-1.1029,1.707,64.6886,+0.0586,0.091,ptc
N2,N#N,Organique,2,9.759,9.5016,-0.2574,2.637,9.7681,+0.0091,0.093,ptc
pinacol,CC(O)(C)C(O)(C)C,Organique,22,86.453,84.7979,-1.6551,1.914,86.5370,+0.0840,0.097,ptc
1-butyne,CCC#C,Organique,10,41.556,40.7934,-0.7626,1.835,41.5975,+0.0415,0.100,ptc
PH,[P][H],Organique,2,2.95,1.5889,-1.3611,46.139,2.8593,-0.0907,3.075,ptc
benzofuran,C1=CC=C2C(=C1)C=CO2,Organique,15,75.601,74.2944,-1.3066,1.728,75.6786,+0.0776,0.103,ptc
succinimide,O=C1CCC(=O)N1,Organique,12,54.965,53.9001,-1.0649,1.937,54.8001,-0.1649,0.300,ptc
thioanisole,CSC1=CC=CC=C1,Organique,16,72.383,70.6251,-1.7579,2.429,72.3035,-0.0795,0.110,ptc
1PeOH,CCCCCO,Organique,18,69.89,68.5369,-1.3531,1.936,69.8105,-0.0795,0.114,ptc
isopropylamine,CC(C)N,Organique,13,48.385,47.4549,-0.9301,1.922,48.1738,-0.2112,0.437,ptc
NaF,[Na]F,Organique,2,4.91,3.9542,-0.9558,19.466,4.9921,+0.0821,1.672,ptc
Benzoyl_fluoride,C1=CC=C(C=C1)C(=O)F,Organique,14,69.1569,68.9447,-0.2122,0.307,69.2437,+0.0868,0.126,ptc
cyclohexanone,O=C1CCCCC1,Inorganique,17,72.555,70.8500,-1.7050,2.350,72.4599,-0.0951,0.131,ptc
butane,CCCC,Organique,14,53.61,52.8160,-0.7940,1.481,53.5369,-0.0731,0.136,ptc
trans_1_2_Dichloroethene,C(=C/Cl)\Cl,Organique,6,21.6457,21.2178,-0.4279,1.977,21.6953,+0.0496,0.229,ptc
1-hexanol,CCCCCCO,Organique,21,82.056,80.4741,-1.5819,1.928,82.1684,+0.1124,0.137,ptc
sulfolane,C1CCS(=O)(=O)C1,Organique,15,60.711,56.7066,-4.0044,6.596,60.7950,+0.0840,0.138,ptc
isobutan,CC(C)C,Organique,14,53.7,52.8988,-0.8012,1.492,53.6260,-0.0740,0.138,ptc
fluorobenzene,C1=CC=C(C=C1)F,Organique,12,57.888,57.1833,-0.7047,1.217,57.8082,-0.0798,0.138,ptc
H2,[H][H],Organique,2,4.478,4.4880,+0.0100,0.223,4.4843,+0.0063,0.141,ptc
N-methylpiperidine,CN1CCCCC1,Organique,20,80.131,78.1244,-2.0066,2.504,79.8139,-0.3171,0.396,ptc
phenyl_isocyanate,O=C=NC1=CC=CC=C1,Organique,14,71.344,69.2736,-2.0704,2.902,71.1760,-0.1680,0.235,ptc
CO2,O=C=O,Organique,3,16.56,12.9428,-3.6172,21.843,16.5242,-0.0358,0.216,ptc
dimethyl_sulfone,CS(=O)(=O)C,Organique,11,40.317,37.9697,-2.3473,5.822,40.2560,-0.0610,0.151,ptc
BeCl2,Cl[Be]Cl,Organique,3,9.55,9.1647,-0.3853,4.035,9.5685,+0.0185,0.194,ptc
2-furaldehyde,O=Cc1ccco1,Inorganique,11,52.907,52.1826,-0.7244,1.369,52.8665,-0.0405,0.077,ptc
CHCl3,C(Cl)(Cl)Cl,Organique,5,14.53,13.7286,-0.8014,5.515,14.5434,+0.0134,0.093,ptc
EtBr,CCBr,Organique,8,27.88,27.6109,-0.2691,0.965,27.8371,-0.0429,0.154,ptc
Benzoyl_chloride,C1=CC=C(C=C1)C(=O)Cl,Organique,14,67.5394,67.0103,-0.5291,0.783,67.6557,+0.1163,0.172,ptc
thiophene_2_carboxaldehyde,O=CC1=CC=CS1,Organique,11,51.726,50.5842,-1.1418,2.207,51.8097,+0.0837,0.162,ptc
indane,C1Cc2ccccc2C1,Inorganique,19,88.816,87.3799,-1.4361,1.617,88.9603,+0.1443,0.162,ptc
diisopropyl_ether,CC(C)OC(C)C,Organique,21,82.09,80.7825,-1.3075,1.593,81.9553,-0.1347,0.164,ptc
benzyl_chloride,ClCC1=CC=CC=C1,Organique,15,69.037,67.5931,-1.4439,2.092,69.1571,+0.1201,0.174,ptc
EtNH2,CCN,Organique,10,36.06,35.3902,-0.6698,1.857,35.7276,-0.3324,0.922,ptc
xylene_m,CC1=CC(=CC=C1)C,Organique,18,81.838,80.6573,-1.1807,1.443,81.9766,+0.1386,0.169,ptc
xylene_p,CC1=CC=C(C=C1)C,Organique,18,81.831,80.6495,-1.1815,1.444,81.9707,+0.1397,0.171,ptc
2_Bromoethanol,C(CBr)O,Organique,9,31.694,31.2565,-0.4375,1.380,31.7492,+0.0552,0.174,ptc
Carbon_dioxide_124389,C(=O)=O,Organique,3,16.5642,12.9432,-3.6210,21.860,16.5242,-0.0400,0.242,ptc
imidazole,c1cnc[nH]1,Inorganique,9,39.742,39.1438,-0.5982,1.505,38.1462,-1.5958,4.015,b3lyp
HFC_152a,CC(F)F,Organique,8,30.69,30.4164,-0.2736,0.892,30.7477,+0.0577,0.188,ptc
2-methyltetrahydrofuran,CC1CCCO1,Organique,16,64.653,63.4894,-1.1636,1.800,64.7679,+0.1149,0.178,ptc
2-bromopropane,CC(Br)C,Organique,11,40.289,39.6601,-0.6289,1.561,40.2166,-0.0724,0.180,ptc
methyl_isopropyl_ketone,CC(C)C(=O)C,Organique,16,65.038,63.9502,-1.0878,1.673,64.9174,-0.1206,0.185,ptc
2-methylbutane,CCC(C)C,Organique,17,65.845,64.7779,-1.0671,1.621,65.9672,+0.1222,0.186,ptc
pentane,CCCCC,Organique,17,65.77,64.7730,-0.9970,1.516,65.8933,+0.1233,0.187,ptc
THF,C1CCOC1,Organique,13,52.28,51.3774,-0.9026,1.727,52.3795,+0.0995,0.190,ptc
"1,1-dichloroethane",CC(Cl)Cl,Organique,8,27.731,27.0533,-0.6777,2.444,27.6968,-0.0342,0.123,ptc
isopent,CC(C)CC,Organique,17,65.84,64.8148,-1.0252,1.557,65.9681,+0.1281,0.195,ptc
LiBr,[Li]Br,Organique,2,4.34,3.9920,-0.3480,8.019,4.1866,-0.1534,3.535,ptc
cresol_m,CC1=CC(=CC=C1)O,Organique,16,74.024,72.6834,-1.3406,1.811,74.1743,+0.1503,0.203,ptc
phenyl_methanol,C1=CC=C(C=C1)CO,Organique,16,73.694,72.2396,-1.4544,1.974,73.5434,-0.1506,0.204,ptc
xylene_o,CC1=CC=CC=C1C,Organique,18,81.819,80.6300,-1.1890,1.453,81.9859,+0.1669,0.204,ptc
2pentanon,CC(=O)CCC,Organique,16,65.0,64.0253,-0.9747,1.500,64.8652,-0.1348,0.207,ptc
mesitylene,CC1=CC(=CC(=C1)C)C,Organique,21,94.131,92.7583,-1.3727,1.458,94.3311,+0.2001,0.213,ptc
Ethyl,C[CH2],Organique,7,24.5794,24.6653,+0.0859,0.349,24.5265,-0.0529,0.215,ptc
morpholine,C1COCCN1,Organique,15,59.232,57.6332,-1.5988,2.699,58.8864,-0.3456,0.583,ptc
"1,2,4-triazole",C1=NNC=N1,Organique,8,35.201,33.8945,-1.3065,3.711,34.7429,-0.4581,1.301,ptc
N-methylpyrrole,Cn1cccc1,Inorganique,13,59.045,55.9121,-3.1329,5.306,57.3657,-1.6793,2.844,ptc
benzene,c1ccccc1,Organique,12,56.42,56.4657,+0.0457,0.081,56.5453,+0.1253,0.222,b3lyp
3-methylthiophene,Cc1ccsc1,Inorganique,12,54.973,51.5141,-3.4589,6.292,54.8815,-0.0915,0.167,ptc
CH3SH,CS,Organique,6,19.58,19.0618,-0.5182,2.646,19.5375,-0.0425,0.217,ptc
cresol_o,CC1=CC=CC=C1O,Organique,16,73.986,72.6822,-1.3038,1.762,74.1534,+0.1674,0.226,ptc
HSO3F,OS(=O)(=O)F,Inorganique,6,21.507,18.7487,-2.7583,12.825,22.4501,+0.9431,4.385,ptc
urea,NC(=O)N,Inorganique,8,31.287,30.4058,-0.8812,2.817,30.6570,-0.6300,2.014,ptc
H2O,O,Organique,3,9.511,8.8811,-0.6299,6.623,9.5330,+0.0220,0.232,ptc
neopent,CC(C)(C)C,Organique,17,65.99,64.9081,-1.0819,1.639,66.1445,+0.1545,0.234,ptc
3-pentanone,CCC(=O)CC,Organique,16,64.998,63.9710,-1.0270,1.580,64.8423,-0.1557,0.240,ptc
VinylF,FC=C,Organique,6,23.9,23.6349,-0.2651,1.109,24.0472,+0.1472,0.616,ptc
Li2,[Li][Li],Organique,2,1.046,0.8290,-0.2170,20.742,1.0435,-0.0025,0.243,ptc
p-diethylbenzene,CCc1ccc(CC)cc1,Inorganique,24,106.142,104.5524,-1.5896,1.498,105.8833,-0.2587,0.244,ptc
PN,[P]#N,Organique,2,6.39,5.3844,-1.0056,15.737,6.4057,+0.0157,0.245,ptc
1-chlorobutane,CCCCCl,Inorganique,14,52.906,51.9321,-0.9739,1.841,53.0440,+0.1380,0.261,ptc
2-chloropropane,CC(Cl)C,Organique,11,40.858,40.1190,-0.7390,1.809,40.7553,-0.1027,0.251,ptc
Methyl_nitrite,CON=O,Organique,7,24.6271,24.5010,-0.1261,0.512,24.4135,-0.2136,0.867,b3lyp
"N,N-diethylformamide",CCN(CC)C=O,Organique,18,71.951,70.9562,-0.9948,1.383,71.9803,+0.0293,0.041,ptc
Diazirine,C1N=N1,Organique,5,18.2849,18.2648,-0.0201,0.110,18.3237,+0.0388,0.212,b3lyp
chlorobenzene,C1=CC=C(C=C1)Cl,Organique,12,56.583,55.6204,-0.9626,1.701,56.7431,+0.1601,0.283,ptc
CHClF,ClCF,Organique,5,16.73,16.3931,-0.3369,2.013,16.7893,+0.0593,0.354,ptc
cyclohexanol,OC1CCCCC1,Inorganique,19,77.229,75.6361,-1.5929,2.063,77.4402,+0.2112,0.273,ptc
DIPK,CC(C)C(=O)C(C)C,Inorganique,22,89.436,87.9364,-1.4996,1.677,89.6810,+0.2450,0.274,ptc
CHF3,C(F)(F)F,Organique,5,19.52,19.2831,-0.2369,1.214,19.5783,+0.0583,0.299,ptc
diethyl_sulfide,CCSCC,Organique,15,56.044,54.9044,-1.1396,2.033,55.8889,-0.1551,0.277,ptc
toluene,Cc1ccccc1,Organique,15,68.69,68.5611,-0.1289,0.188,68.8833,+0.1933,0.281,b3lyp
ethylbenzene,CCC1=CC=CC=C1,Organique,18,81.708,80.5103,-1.1977,1.466,81.9449,+0.2369,0.290,ptc
CN,[C]#[N],Organique,2,7.72,7.4655,-0.2545,3.296,7.7425,+0.0225,0.292,ptc
SiCl,[Si]Cl,Organique,2,4.02,4.1401,+0.1201,2.989,4.0903,+0.0703,1.748,ptc
"N,N-dimethylacetamide",CC(=O)N(C)C,Organique,15,59.86,59.0718,-0.7882,1.317,59.5164,-0.3436,0.574,ptc
BeF,[Be]F,Organique,2,5.85,5.7449,-0.1051,1.796,5.6320,-0.2180,3.726,b3lyp
benzaldehyde,C1=CC=C(C=C1)C=O,Organique,14,68.515,67.5819,-0.9331,1.362,68.7182,+0.2032,0.297,ptc
allene,C=C=C,Organique,7,29.35,28.9750,-0.3750,1.278,29.2628,-0.0872,0.297,ptc
ethyl_propyl_ether,CCCOCC,Inorganique,18,69.654,68.5682,-1.0858,1.559,69.4459,-0.2081,0.299,ptc
cresol_p,CC1=CC=C(C=C1)O,Organique,16,73.953,72.6537,-1.2993,1.757,74.1742,+0.2212,0.299,ptc
cyclohexanol,C1CCC(CC1)O,Organique,19,77.229,75.6439,-1.5851,2.053,77.4402,+0.2112,0.273,ptc
2-pentanol,CCCC(C)O,Organique,18,70.099,68.7152,-1.3838,1.974,69.8851,-0.2139,0.305,ptc
1-bromobutane,CCCCBr,Inorganique,14,52.316,51.4790,-0.8370,1.600,52.4771,+0.1611,0.308,ptc
N-methylpyrrolidine,CN1CCCC1,Inorganique,17,67.499,65.9360,-1.5630,2.316,67.4999,+0.0009,0.001,ptc
2-methyl-2-butanol,CCC(C)(C)O,Inorganique,18,70.25,68.8151,-1.4349,2.043,70.0319,-0.2181,0.310,ptc
1-amino-2-propanol,CC(O)CN,Organique,14,52.463,51.3004,-1.1626,2.216,52.0218,-0.4412,0.841,ptc
Isocyanoacetylene,C#C[N+]#[C-],Organique,5,24.2115,23.5785,-0.6330,2.615,24.2395,+0.0280,0.116,ptc
Bromochloromethane,C(Cl)Br,Organique,5,14.5438,14.4431,-0.1007,0.693,14.6052,+0.0614,0.422,ptc
thiophene_blind,C1=CSC=C1,Inorganique,9,40.43,39.4146,-1.0154,2.512,40.2976,-0.1324,0.328,ptc
piperazine,C1CNCCN1,Organique,16,62.155,60.6047,-1.5503,2.494,61.9258,-0.2292,0.369,ptc
propylbenzene,CCCc1ccccc1,Inorganique,21,93.882,92.4757,-1.4063,1.498,93.5624,-0.3196,0.340,ptc
bromobenzene,C1=CC=C(C=C1)Br,Organique,12,55.931,55.1406,-0.7904,1.413,56.1225,+0.1915,0.342,ptc
propanal,CCC=O,Organique,10,40.35,39.7865,-0.5635,1.396,40.2120,-0.1380,0.342,ptc
BrCl,ClBr,Organique,2,2.173,2.0659,-0.1071,4.927,2.2212,+0.0482,2.219,ptc
sec-butylamine,CCC(C)N,Organique,16,60.548,59.3647,-1.1833,1.954,60.4937,-0.0543,0.090,ptc
3-acetylpyridine,CC(=O)c1cccnc1,Organique,16,75.978,74.5703,-1.4077,1.853,76.5151,+0.5371,0.707,ptc
resorcinol,OC1=CC(=CC=C1)O,Organique,14,66.149,64.6877,-1.4613,2.209,66.3854,+0.2364,0.357,ptc
4-acetylpyridine,CC(=O)c1ccncc1,Organique,16,75.982,74.5267,-1.4553,1.915,76.5218,+0.5398,0.710,ptc
NMP,CN1CCCC1=O,Organique,16,67.671,66.1144,-1.5566,2.300,67.2474,-0.4236,0.626,ptc
indane,C1CC2=CC=CC=C2C1,Organique,19,89.326,87.3799,-1.9461,2.179,89.6522,+0.3262,0.365,ptc
AlCl,[Al]Cl,Organique,2,5.13,4.9395,-0.1905,3.713,5.1718,+0.0418,0.816,ptc
iPrOH,CC(C)O,Organique,12,45.05,44.7986,-0.2514,0.558,45.2143,+0.1643,0.365,ptc
Hypofluorous_acid,OF,Organique,3,6.4728,6.1574,-0.3154,4.873,6.5336,+0.0608,0.939,ptc
"2,5-dimethylfuran",Cc1ccc(C)o1,Inorganique,15,66.305,65.4820,-0.8230,1.241,66.0970,-0.2080,0.314,ptc
2-methylfuran,CC1=CC=CO1,Organique,12,53.924,53.2550,-0.6690,1.241,54.1261,+0.2021,0.375,ptc
4-fluorotoluene,CC1=CC=C(F)C=C1,Organique,15,70.403,69.2676,-1.1354,1.613,70.1393,-0.2637,0.375,ptc
methyl_propyl_sulfide,CCCSC,Inorganique,15,56.031,54.9553,-1.0757,1.920,55.8151,-0.2159,0.385,ptc
anisole,COc1ccccc1,Inorganique,16,73.357,72.3404,-1.0166,1.386,73.0697,-0.2873,0.392,ptc
CFCl3,FC(Cl)(Cl)Cl,Organique,5,14.81,14.2492,-0.5608,3.786,14.7865,-0.0235,0.159,ptc
n-butylamine,CCCCN,Organique,16,60.416,59.2594,-1.1566,1.914,60.3814,-0.0346,0.057,ptc
methyl_propyl_ether,CCCOC,Inorganique,15,57.355,56.4640,-0.8910,1.553,57.1266,-0.2284,0.398,ptc
barbituric_acid,O=C1CC(=O)NC(=O)N1,Organique,13,61.892,60.7110,-1.1810,1.908,61.6970,-0.1950,0.315,ptc
DMSO,CS(C)=O,Organique,10,35.29,34.0038,-1.2862,3.645,35.4313,+0.1413,0.400,ptc
pentanal,CCCCC=O,Organique,16,64.66,63.6102,-1.0498,1.624,64.9182,+0.2582,0.399,ptc
cumene,CC(C)c1ccccc1,Inorganique,21,94.004,92.4722,-1.5318,1.629,93.6281,-0.3759,0.400,ptc
propionamide,CCC(=O)N,Organique,12,48.224,47.4101,-0.8139,1.688,47.7506,-0.4734,0.982,ptc
BeO,[Be]=O,Organique,2,4.54,4.4360,-0.1040,2.290,4.3869,-0.1531,3.373,b3lyp
BeH,[Be][H],Organique,2,2.034,2.3127,+0.2787,13.704,2.0230,-0.0110,0.540,ptc
2-methylpentane,CCCC(C)C,Organique,20,78.011,76.7716,-1.2394,1.589,78.3314,+0.3204,0.411,ptc
phenylacetylene,C#CC1=CC=CC=C1,Organique,14,69.802,68.5671,-1.2349,1.769,70.0920,+0.2900,0.415,ptc
PCl,[P]Cl,Organique,2,3.19,1.8801,-1.3099,41.063,3.1218,-0.0682,2.137,ptc
piperidine,C1CCNCC1,Organique,17,67.67,66.1676,-1.5024,2.220,67.7274,+0.0574,0.085,ptc
hexane,CCCCCC,Organique,20,77.93,76.7596,-1.1704,1.502,78.2585,+0.3285,0.421,ptc
N-methylmorpholine,CN1CCOCC1,Organique,18,71.464,69.5394,-1.9246,2.693,70.9488,-0.5152,0.721,ptc
SF,[S]F,Organique,2,3.36,3.4387,+0.0787,2.343,3.4025,+0.0425,1.264,ptc
Chlorodifluoromethane,C(F)(F)Cl,Organique,5,17.3838,17.2843,-0.0995,0.572,17.4738,+0.0900,0.518,ptc
CH4,C,Organique,5,17.04,17.0740,+0.0340,0.200,16.9665,-0.0735,0.431,b3lyp
3-methylpentane,CCC(C)CC,Organique,20,77.983,76.7340,-1.2490,1.602,78.3209,+0.3379,0.433,ptc
1-pentyne,CCCC#C,Organique,13,53.719,52.7654,-0.9536,1.775,53.9521,+0.2331,0.434,ptc
"1,2-dichloropropane",CC(CCl)Cl,Organique,11,40.05,39.0961,-0.9539,2.382,40.2387,+0.1887,0.471,ptc
"1,2-dichloroethane",C(CCl)Cl,Organique,8,27.753,27.1090,-0.6440,2.321,27.8920,+0.1390,0.501,ptc
"1,2-dichloroethane",ClCCCl,Inorganique,8,27.753,27.0390,-0.7140,2.573,27.8920,+0.1390,0.501,ptc
CHF3,FC(F)F,Inorganique,5,19.341,19.2828,-0.0582,0.301,19.4405,+0.0995,0.514,b3lyp
indene,C1=Cc2ccccc2C1,Inorganique,17,83.233,81.9107,-1.3223,1.589,83.6001,+0.3671,0.441,ptc
CF3Me,CC(F)(F)F,Organique,8,31.54,31.7000,+0.1600,0.507,31.4029,-0.1371,0.435,ptc
acetal,CCOC(OCC)C,Organique,22,86.028,84.7091,-1.3189,1.533,85.6406,-0.3874,0.450,ptc
NS,[N]=S,Organique,2,4.85,4.5292,-0.3208,6.615,4.8272,-0.0228,0.471,ptc
tert-butylamine,CC(C)(C)N,Organique,16,60.717,59.5116,-1.2054,1.985,60.7252,+0.0082,0.014,ptc
allyl_alcohol,OCC=C,Inorganique,10,39.713,38.7451,-0.9679,2.437,39.8913,+0.1783,0.449,ptc
NF3,FN(F)F,Organique,4,8.59,8.4295,-0.1605,1.868,8.6927,+0.1027,1.196,ptc
isoxazole,C1=NOC=C1,Organique,8,35.729,35.2326,-0.4964,1.389,35.7744,+0.0454,0.127,ptc
2-ethylhexanol,CCCCC(CC)CO,Organique,27,106.46,104.3165,-2.1435,2.013,106.9461,+0.4861,0.457,ptc
allyl_alcohol,C=CCO,Organique,10,39.713,38.8043,-0.9087,2.288,39.8913,+0.1783,0.449,ptc
"2,2-dimethylbutane",CCC(C)(C)C,Organique,20,78.126,76.7807,-1.3453,1.722,78.4866,+0.3606,0.462,ptc
BrF,FBr,Organique,2,2.55,2.5033,-0.0467,1.831,2.5618,+0.0118,0.462,ptc
CH3F,CF,Organique,5,18.1,17.1924,-0.9076,5.014,18.0179,-0.0821,0.453,ptc
mesityl_oxide,CC(=CC(=O)C)C,Organique,17,71.625,70.5162,-1.1088,1.548,71.9567,+0.3317,0.463,ptc
cumene,CC(C)C1=CC=CC=C1,Organique,21,93.922,92.4722,-1.4498,1.544,94.3596,+0.4376,0.466,ptc
diacetyl,CC(=O)C(=O)C,Organique,12,51.804,51.0969,-0.7071,1.365,51.5619,-0.2421,0.467,ptc
Dihydrogen,[HH],Organique,2,4.4634,4.4880,+0.0246,0.550,4.4843,+0.0209,0.468,ptc
methyl_salicylate,COC(=O)C1=CC=CC=C1O,Organique,19,89.77,88.5602,-1.2098,1.348,89.3476,-0.4224,0.471,ptc
C2F6,FC(F)(F)C(F)(F)F,Inorganique,8,33.722,33.7001,-0.0219,0.065,33.8894,+0.1674,0.496,b3lyp
diisopropylamine,CC(C)NC(C)C,Organique,22,84.852,83.2741,-1.5779,1.860,85.0470,+0.1950,0.230,ptc
2-acetylpyridine,CC(=O)c1ccccn1,Organique,16,75.92,74.6685,-1.2515,1.649,76.5450,+0.6250,0.823,ptc
1-butanol,CCCCO,Organique,15,57.734,56.5664,-1.1676,2.022,57.4593,-0.2747,0.476,ptc
diglyme,COCCOC,Organique,16,60.99,60.0972,-0.8928,1.464,60.6990,-0.2910,0.477,ptc
pyrazine,C1=CN=CC=N1,Organique,10,46.515,45.9690,-0.5460,1.174,46.6258,+0.1108,0.238,ptc
23DMbut,CC(C)C(C)C,Organique,20,78.03,76.7314,-1.2986,1.664,78.4023,+0.3723,0.477,ptc
cyclopentanol,OC1CCCC1,Organique,16,64.824,63.3510,-1.4730,2.272,65.1329,+0.3089,0.477,ptc
CP,[C]=[P],Organique,2,5.33,5.0698,-0.2602,4.881,5.3557,+0.0257,0.482,ptc
catechol,C1=CC=C(C(=C1)O)O,Organique,14,66.114,64.5379,-1.5761,2.384,66.4326,+0.3186,0.482,ptc
cyclohexanone,C1CCC(=O)CC1,Organique,17,72.087,70.6974,-1.3896,1.928,72.4437,+0.3567,0.495,ptc
OCl,[O]Cl,Organique,2,2.75,2.5031,-0.2469,8.980,2.7771,+0.0271,0.987,ptc
ClO,[Cl][O],Organique,2,2.75,2.5030,-0.2470,8.980,2.7771,+0.0271,0.987,ptc
benzonitrile,C1=CC=C(C=C1)C#N,Organique,13,65.956,65.0315,-0.9245,1.402,65.5230,-0.4330,0.656,ptc
triethylamine,CCN(CC)CC,Organique,22,84.315,82.9618,-1.3532,1.605,84.5855,+0.2705,0.321,ptc
phenol,Oc1ccccc1,Organique,13,60.83,60.5794,-0.2506,0.412,61.1376,+0.3076,0.506,b3lyp
CH3CHO,CC=O,Organique,7,28.02,27.8046,-0.2154,0.769,27.8774,-0.1426,0.509,ptc
isobutanol,CC(C)CO,Organique,15,57.83,56.6323,-1.1977,2.071,57.5287,-0.3013,0.521,ptc
delta_valerolactone,O=C1CCCCO1,Organique,15,64.349,63.2433,-1.1057,1.718,64.0133,-0.3357,0.522,ptc
BH,[B][H],Organique,2,3.42,3.3456,-0.0744,2.174,3.4378,+0.0178,0.522,ptc
hydroquinone,C1=CC(=CC=C1O)O,Organique,14,66.039,64.6130,-1.4260,2.159,66.3857,+0.3467,0.525,ptc
Fluorotrichloromethane,C(F)(Cl)(Cl)Cl,Organique,5,14.83,14.2491,-0.5809,3.917,14.7865,-0.0435,0.293,ptc
"1,2,3-trimethylbenzene",Cc1cccc(C)c1C,Inorganique,21,94.062,92.6286,-1.4334,1.524,93.5629,-0.4991,0.531,ptc
styrene_oxide,C1(CO1)C2=CC=CC=C2,Organique,17,79.843,78.3002,-1.5428,1.932,79.4184,-0.4246,0.532,ptc
EtSH,CCS,Organique,9,31.76,31.0496,-0.7104,2.237,31.5906,-0.1694,0.533,ptc
cis_1_2_Dibromoethene,C(=C\Br)\Br,Organique,6,20.2872,20.2294,-0.0578,0.285,20.3983,+0.1111,0.548,b3lyp
1_2_Dibromoethene,C(=CBr)Br,Organique,6,20.2872,20.2539,-0.0333,0.164,20.3983,+0.1111,0.548,b3lyp
Nitrous_acid,N(=O)O,Organique,4,12.9725,12.6493,-0.3232,2.492,12.7951,-0.1774,1.368,ptc
furan,c1ccoc1,Organique,9,41.09,41.0265,-0.0635,0.155,41.3558,+0.2658,0.647,b3lyp
pyrimidine,C1=CN=CN=C1,Organique,10,46.518,46.1291,-0.3889,0.836,46.5977,+0.0797,0.171,ptc
trans_1_2_Dibromoethene,C(=C/Br)\Br,Organique,6,20.2851,20.2537,-0.0314,0.155,20.3983,+0.1132,0.558,b3lyp
"1,2-dibromoethane",BrCCBr,Inorganique,8,26.616,26.1139,-0.5021,1.887,26.7663,+0.1503,0.565,ptc
NOBr,BrN=O,Inorganique,3,7.791,7.2451,-0.5459,7.007,7.8635,+0.0725,0.931,ptc
diallyl_sulfide,C=CCSC=C,Organique,14,57.802,55.2917,-2.5103,4.343,58.1252,+0.3232,0.559,ptc
biphenyl,C1=CC=C(C=C1)C2=CC=CC=C2,Organique,22,109.842,108.2395,-1.6025,1.459,110.4595,+0.6175,0.562,ptc
anisole,COC1=CC=CC=C1,Organique,16,73.357,72.3404,-1.0166,1.386,73.0697,-0.2873,0.392,ptc
MeCN,CC#N,Organique,6,25.77,25.4047,-0.3653,1.418,25.5199,-0.2501,0.970,ptc
Br2,BrBr,Organique,2,1.971,1.9885,+0.0175,0.885,1.9597,-0.0113,0.573,ptc
"1,2,4-trimethylbenzene",Cc1ccc(C)c(C)c1,Inorganique,21,94.107,92.7233,-1.3837,1.470,93.5604,-0.5466,0.581,ptc
propane,CCC,Organique,11,41.44,40.8933,-0.5467,1.319,41.1983,-0.2417,0.583,ptc
S2,[S]=[S],Organique,2,4.369,4.0967,-0.2723,6.232,4.3947,+0.0257,0.587,ptc
Difluorobromomethane,C(F)(F)Br,Organique,5,16.6348,16.7748,+0.1400,0.842,16.7367,+0.1019,0.612,ptc
hexanal,CCCCCC=O,Organique,19,76.83,75.5993,-1.2307,1.602,77.2828,+0.4528,0.589,ptc
heptane,CCCCCCC,Organique,23,90.09,88.6481,-1.4419,1.600,90.6219,+0.5319,0.590,ptc
spiropentane,C1CC11CC1,Organique,13,53.295,52.4142,-0.8808,1.653,53.6104,+0.3154,0.592,ptc
"2,4-dimethylpentane",CC(C)CC(C)C,Organique,23,90.236,88.5831,-1.6529,1.832,90.7732,+0.5372,0.595,ptc
2-butene_trans,CC=CC,Organique,12,47.903,47.1791,-0.7239,1.511,48.1889,+0.2859,0.597,ptc
"1,1,1-trifluoroacetone",CC(=O)C(F)(F)F,Organique,10,42.632,42.3172,-0.3148,0.738,42.8920,+0.2600,0.610,ptc
2-methylhexane,CCCCC(C)C,Organique,23,90.162,88.7266,-1.4354,1.592,90.7049,+0.5429,0.602,ptc
C2H2,C#C,Organique,4,17.07,16.5336,-0.5364,3.142,17.1733,+0.1033,0.605,ptc
cyclopentanone,O=C1CCCC1,Organique,14,59.788,58.7165,-1.0715,1.792,60.1494,+0.3614,0.605,ptc
"1,3,5-trimethylbenzene",Cc1cc(C)cc(C)c1,Inorganique,21,94.131,92.7583,-1.3727,1.458,93.5609,-0.5701,0.606,ptc
CHFCl2,FC(Cl)Cl,Inorganique,5,15.977,15.4326,-0.5444,3.407,15.9119,-0.0651,0.407,ptc
ethylbenzene,CCc1ccccc1,Inorganique,18,81.708,80.5103,-1.1977,1.466,81.9449,+0.2369,0.290,ptc
3-methylhexane,CCCC(C)CC,Organique,23,90.128,88.6497,-1.4783,1.640,90.6849,+0.5569,0.618,ptc
glyoxylic_acid,OC(=O)C=O,Organique,7,32.025,31.2828,-0.7422,2.317,32.2224,+0.1974,0.616,ptc
chloroform,ClC(Cl)Cl,Inorganique,5,14.527,13.7287,-0.7983,5.495,14.5101,-0.0169,0.117,ptc
MEK,CC(=O)CC,Organique,13,52.84,52.0700,-0.7700,1.457,52.5120,-0.3280,0.621,ptc
"1,4-dioxane",C1COCCO1,Organique,14,56.22,55.2785,-0.9415,1.675,55.8697,-0.3503,0.623,ptc
C2,[C]#[C],Organique,2,6.248,4.8127,-1.4353,22.972,6.2870,+0.0390,0.624,ptc
EtCl,CCCl,Organique,8,28.57,28.0533,-0.5167,1.809,28.3996,-0.1704,0.596,ptc
ClF,FCl,Organique,2,2.62,2.3291,-0.2909,11.104,2.6036,-0.0164,0.626,ptc
LiCl,[Li]Cl,Organique,2,4.9,4.3909,-0.5091,10.389,4.9405,+0.0405,0.826,ptc
HOCl,ClO,Organique,3,6.871,6.2856,-0.5854,8.521,6.9538,+0.0828,1.204,ptc
NF,[N]F,Organique,2,3.47,1.5718,-1.8982,54.702,3.5071,+0.0371,1.068,ptc
2-butanone,CCC(=O)C,Organique,13,52.846,51.9854,-0.8606,1.628,52.5085,-0.3375,0.639,ptc
3-cyanopyridine,N#Cc1cccnc1,Organique,12,60.523,59.7520,-0.7710,1.274,61.0765,+0.5535,0.914,ptc
3-ethylpentane,CCC(CC)CC,Organique,23,90.11,88.6037,-1.5063,1.672,90.6883,+0.5783,0.642,ptc
naphthalene,c1ccc2ccccc2c1,Organique,18,89.15,89.4387,+0.2887,0.324,89.7238,+0.5738,0.644,b3lyp
diethyl_sulfoxide,CCS(=O)CC,Organique,16,59.885,57.9561,-1.9289,3.221,60.2716,+0.3866,0.646,ptc
furfural,O=CC1=CC=CO1,Organique,11,52.907,52.1826,-0.7244,1.369,53.2496,+0.3426,0.647,ptc
THT,C1CCSC1,Organique,13,50.83,49.8789,-0.9511,1.871,51.1625,+0.3325,0.654,ptc
Hydrogen_fluoride,F,Organique,2,5.8661,5.2677,-0.5984,10.200,5.8273,-0.0388,0.661,ptc
"2,3-dimethylpentane",CC(C)C(C)CC,Organique,23,90.157,88.6064,-1.5506,1.720,90.7575,+0.6005,0.666,ptc
Et2O,CCOCC,Organique,15,57.5,56.6777,-0.8223,1.430,57.1137,-0.3863,0.672,ptc
"3,3-dimethylpentane",CCC(C)(C)CC,Organique,23,90.231,88.5354,-1.6956,1.879,90.8386,+0.6076,0.673,ptc
O2,O=O,Organique,2,5.116,5.2778,+0.1618,3.162,5.1505,+0.0345,0.674,ptc
SOBr2,BrS(Br)=O,Inorganique,4,8.707,7.3951,-1.3119,15.067,8.8303,+0.1233,1.416,ptc
2-butanol,CCC(O)C,Inorganique,15,57.922,56.7250,-1.1970,2.067,57.5283,-0.3937,0.680,ptc
dimethyl_disulfide,CSSC,Organique,10,34.408,33.4043,-1.0037,2.917,34.6424,+0.2344,0.681,ptc
N-methylformamide,CNC=O,Organique,9,35.614,35.0747,-0.5393,1.514,35.1526,-0.4614,1.295,ptc
2-butanol,CCC(C)O,Organique,15,57.923,56.7246,-1.1984,2.069,57.5283,-0.3947,0.681,ptc
Tetrachloromethane,C(Cl)(Cl)(Cl)Cl,Organique,5,13.2588,12.3693,-0.8895,6.709,13.3937,+0.1349,1.018,ptc
"1,2-epoxybutane",CCC1CO1,Organique,13,51.323,50.6273,-0.6957,1.356,50.9684,-0.3546,0.691,ptc
BS,[B]#[S],Organique,2,5.8,5.0381,-0.7619,13.136,5.8377,+0.0377,0.649,ptc
2-methylfuran,Cc1ccco1,Inorganique,12,54.07,53.2550,-0.8150,1.507,53.7375,-0.3325,0.615,ptc
anthracene,C1=CC2=CC3=CC=CC=C3C=C2C=C1,Organique,24,124.191,122.2392,-1.9518,1.572,125.0496,+0.8586,0.691,ptc
BeF2,F[Be]F,Organique,3,13.17,10.6977,-2.4723,18.772,12.7946,-0.3754,2.851,ptc
diethylamine,CCNCC,Organique,16,60.74,59.1619,-1.5781,2.598,60.1018,-0.6382,1.051,ptc
2-methyl-2-butene,CC=C(C)C,Inorganique,15,60.166,59.2921,-0.8739,1.452,60.5927,+0.4267,0.709,ptc
Dibromofluorochloromethane,C(F)(Cl)(Br)Br,Organique,5,13.4937,13.2261,-0.2676,1.983,13.4116,-0.0821,0.609,ptc
BN,[B]=[N],Organique,2,3.9,3.6871,-0.2129,5.460,4.0224,+0.1224,3.139,ptc
Dibromomethane,C(Br)Br,Organique,5,13.8914,14.0013,+0.1099,0.791,13.9927,+0.1013,0.729,ptc
HF,[H]F,Organique,2,5.869,5.2677,-0.6013,10.245,5.8273,-0.0417,0.710,ptc
acetylacetone,CC(=O)CC(=O)C,Organique,15,64.327,63.1078,-1.2192,1.895,63.8646,-0.4624,0.719,ptc
tBuOH,CC(C)(C)O,Organique,15,58.13,56.9048,-1.2252,2.108,57.7121,-0.4179,0.719,ptc
fluorene,C1=CC=C2C(=C1)CC3=CC=CC=C32,Organique,23,117.312,115.4305,-1.8815,1.604,118.1617,+0.8497,0.724,ptc
TMP,CP(C)C,Organique,13,46.01,45.9651,-0.0449,0.098,45.6766,-0.3334,0.725,b3lyp
octane,CCCCCCCC,Organique,26,102.25,100.6029,-1.6471,1.611,102.9911,+0.7411,0.725,ptc
Dichloromethane,C(Cl)Cl,Organique,5,15.2319,14.9113,-0.3206,2.105,15.3690,+0.1371,0.900,ptc
o-xylene,Cc1ccccc1C,Inorganique,18,81.819,80.6300,-1.1890,1.453,81.2222,-0.5968,0.729,ptc
"2,2,3-trimethylbutane",CC(C)C(C)(C)C,Organique,23,90.264,88.6402,-1.6238,1.799,90.9250,+0.6610,0.732,ptc
cHex,C1CCCCC1,Organique,18,72.96,71.4236,-1.5364,2.106,73.4986,+0.5386,0.738,ptc
4-cyanopyridine,N#Cc1ccncc1,Organique,12,60.465,59.7262,-0.7388,1.222,61.0808,+0.6158,1.018,ptc
Tribromofluoromethane,C(F)(Br)(Br)Br,Organique,5,12.6796,12.7413,+0.0617,0.487,12.7780,+0.0984,0.776,b3lyp
p-xylene,Cc1ccc(C)cc1,Inorganique,18,81.831,80.6501,-1.1809,1.443,81.2199,-0.6111,0.747,ptc
Bromotrichloromethane,C(Cl)(Cl)(Cl)Br,Organique,5,12.5603,11.8559,-0.7044,5.609,12.6881,+0.1278,1.017,ptc
valeronitrile,CCCCC#N,Organique,15,62.269,61.2706,-0.9984,1.603,61.6991,-0.5699,0.915,ptc
m-xylene,Cc1cccc(C)c1,Inorganique,18,81.839,80.6585,-1.1805,1.442,81.2139,-0.6251,0.764,ptc
m-cresol,Cc1cccc(O)c1,Inorganique,16,74.024,72.6824,-1.3416,1.812,73.4571,-0.5669,0.766,ptc
benzaldehyde,O=Cc1ccccc1,Inorganique,14,68.52,67.5819,-0.9381,1.369,67.9952,-0.5248,0.766,ptc
di-n-butylamine,CCCCNCCCC,Organique,28,108.874,106.9873,-1.8867,1.733,109.4953,+0.6213,0.571,ptc
thioanisole,CSc1ccccc1,Inorganique,16,72.207,70.6251,-1.5819,2.191,71.6535,-0.5535,0.767,ptc
isobuten,C=C(C)C,Organique,12,47.96,47.2489,-0.7111,1.483,48.3284,+0.3684,0.768,ptc
Si2,[Si]=[Si],Organique,2,3.21,1.6987,-1.5113,47.080,3.2349,+0.0249,0.774,ptc
EtSMe,CCSC,Organique,12,43.85,43.0051,-0.8449,1.927,43.5089,-0.3411,0.778,ptc
ethanolamine,NCCO,Organique,11,40.216,39.1507,-1.0653,2.649,39.6293,-0.5867,1.459,ptc
SiO,[Si]#[O],Organique,2,8.26,7.7352,-0.5248,6.353,8.2083,-0.0517,0.625,ptc
isooctane,CC(C)CC(C)(C)C,Organique,26,102.5,100.4225,-2.0775,2.027,103.3048,+0.8048,0.785,ptc
crotonaldehyde,CC=CC=O,Organique,11,46.915,46.2680,-0.6470,1.379,47.2840,+0.3690,0.786,ptc
"1,1,1-trichloroethane",CC(Cl)(Cl)Cl,Organique,8,26.902,25.8777,-1.0243,3.807,26.7166,-0.1854,0.689,ptc
"2,3-dimethylhexane",CCC(C)C(C)CC,Inorganique,26,102.309,100.5481,-1.7609,1.721,103.1196,+0.8106,0.792,ptc
thioacetone,CC(=S)C,Organique,10,38.96,37.7115,-1.2485,3.205,39.2711,+0.3111,0.798,ptc
methylcyclohexane,CC1CCCCC1,Organique,21,85.23,83.7356,-1.4944,1.753,85.9129,+0.6829,0.801,ptc
2-cyanopyridine,N#Cc1ccccn1,Organique,12,60.494,59.7137,-0.7803,1.290,61.1451,+0.6511,1.076,ptc
"1,2-dichlorobenzene",C1=CC=C(C(=C1)Cl)Cl,Organique,12,55.806,54.6493,-1.1567,2.073,56.2713,+0.4653,0.834,ptc
EtOMe,CCOC,Organique,12,45.18,44.5677,-0.6123,1.355,44.8145,-0.3655,0.809,ptc
"3,3-dimethylhexane",CCC(C)(C)CCC,Inorganique,26,102.372,100.4920,-1.8800,1.836,103.2031,+0.8311,0.812,ptc
thiazole,C1=CSC=N1,Organique,8,35.511,34.4377,-1.0733,3.022,35.1318,-0.3792,1.068,ptc
acetaldehyde_dimethyl_acetal,CC(OC)OC,Organique,16,61.51,60.4938,-1.0162,1.652,61.0074,-0.5026,0.817,ptc
bromobenzene,Brc1ccccc1,Inorganique,12,55.931,55.1407,-0.7903,1.413,56.1225,+0.1915,0.342,ptc
"1,3-butanediol",CC(O)CCO,Inorganique,16,61.959,60.4691,-1.4899,2.405,61.4472,-0.5118,0.826,ptc
vinyl_acetate,CC(=O)OC=C,Organique,12,52.052,50.7918,-1.2602,2.421,51.6211,-0.4309,0.828,ptc
"2,6-dimethylpyridine",Cc1cccc(C)n1,Inorganique,17,76.623,75.6144,-1.0086,1.316,77.5215,+0.8985,1.173,ptc
CBr4,BrC(Br)(Br)Br,Organique,5,10.88,10.3764,-0.5036,4.629,10.8181,-0.0619,0.569,ptc
"2,4-dimethylhexane",CC(C)CCC(C)C,Inorganique,26,102.295,100.6858,-1.6092,1.573,103.1469,+0.8519,0.833,ptc
"1,4-butanediol",OCCCCO,Organique,16,61.893,60.3028,-1.5902,2.569,61.3747,-0.5183,0.837,ptc
nonane,CCCCCCCCC,Organique,29,114.4,112.5299,-1.8701,1.635,115.3628,+0.9628,0.842,ptc
cis-2-pentene,CCC=CC,Inorganique,15,60.012,59.1738,-0.8382,1.397,60.5191,+0.5071,0.845,ptc
"2,3-dimethyl-2-butene",CC(=C(C)C)C,Inorganique,18,72.386,71.2443,-1.1417,1.577,73.0030,+0.6170,0.852,ptc
2butyne,CC#CC,Organique,10,41.44,41.1402,-0.2998,0.723,41.7938,+0.3538,0.854,b3lyp
AlO,[Al]=O,Organique,2,5.27,4.8910,-0.3790,7.191,5.3072,+0.0372,0.706,ptc
propene,CC=C,Organique,9,35.63,35.1165,-0.5135,1.441,35.9372,+0.3072,0.862,ptc
methyl_methacrylate,COC(=O)C(=C)C,Organique,15,64.028,62.9286,-1.0994,1.717,63.4728,-0.5552,0.867,ptc
isoxazole,c1conc1,Inorganique,8,35.729,35.2326,-0.4964,1.389,35.7744,+0.0454,0.127,ptc
AlCl2,Cl[Al]Cl,Inorganique,3,8.837,7.6485,-1.1885,13.449,8.9142,+0.0772,0.874,ptc
biphenyl,c1ccc(-c2ccccc2)cc1,Inorganique,22,109.843,108.2398,-1.6032,1.460,108.8785,-0.9645,0.878,ptc
decane,CCCCCCCCCC,Organique,32,126.62,124.4456,-2.1744,1.717,127.7335,+1.1135,0.879,ptc
methyl_vinyl_ketone,C=CC(=O)C,Organique,11,46.887,46.2832,-0.6038,1.288,47.3001,+0.4131,0.881,ptc
acetophenone,CC(=O)c1ccccc1,Inorganique,17,80.98,79.7984,-1.1816,1.459,80.2642,-0.7158,0.884,ptc
ethyl_acrylate,CCOC(=O)C=C,Organique,15,64.049,62.8916,-1.1574,1.807,63.4763,-0.5727,0.894,ptc
pyrazole,C1=CNN=C1,Organique,9,40.027,38.7029,-1.3241,3.308,40.1749,+0.1479,0.369,ptc
ethylene_oxide,C1CO1,Organique,7,26.95,26.5439,-0.4061,1.507,27.1922,+0.2422,0.899,ptc
MgO,[Mg]=O,Organique,2,3.53,1.9778,-1.5522,43.971,3.5079,-0.0221,0.627,ptc
"1,1,2-trichloroethane",ClCC(Cl)Cl,Organique,8,26.877,25.9201,-0.9569,3.560,27.1460,+0.2690,1.001,ptc
CH2Br2,BrCBr,Organique,5,14.09,14.0013,-0.0887,0.630,13.9927,-0.0973,0.691,b3lyp
aniline,Nc1ccccc1,Organique,14,63.91,63.3018,-0.6082,0.952,64.2127,+0.3027,0.474,ptc
2-methyl-1-butene,CCC(=C)C,Inorganique,15,60.098,59.1598,-0.9382,1.561,60.6482,+0.5502,0.916,ptc
crotonic_acid,CC=CC(=O)O,Organique,12,51.967,51.2136,-0.7534,1.450,51.4886,-0.4784,0.921,ptc
CH2Cl2,ClCCl,Organique,5,15.45,14.9113,-0.5387,3.487,15.3325,-0.1175,0.760,ptc
DMF,CN(C)C=O,Organique,12,47.84,46.9917,-0.8483,1.773,47.2316,-0.6084,1.272,ptc
KF,[K]F,Organique,2,5.144,3.5745,-1.5695,30.511,5.1943,+0.0503,0.977,ptc
acetone,CC(C)=O,Organique,10,40.57,40.0900,-0.4800,1.183,40.1934,-0.3766,0.928,ptc
Na2,[Na][Na],Organique,2,0.735,0.6959,-0.0391,5.326,0.7419,+0.0069,0.934,ptc
MgF2,F[Mg]F,Inorganique,3,10.85,9.3332,-1.5168,13.979,11.0454,+0.1954,1.801,ptc
chlorobenzene,Clc1ccccc1,Inorganique,12,56.583,55.6205,-0.9625,1.701,56.7431,+0.1601,0.283,ptc
formamide,C(=O)N,Organique,6,23.615,23.2083,-0.4067,1.722,23.1372,-0.4778,2.023,b3lyp
Dichlorofluorobromomethane,C(F)(Cl)(Cl)Br,Organique,5,14.1793,13.7299,-0.4494,3.170,14.0693,-0.1100,0.776,ptc
BCl,[B]Cl,Organique,2,5.17,4.9657,-0.2043,3.951,5.2901,+0.1201,2.322,ptc
CS,[C]#[S],Organique,2,7.36,6.2842,-1.0758,14.617,7.5860,+0.2260,3.071,ptc
diethyl_disulfide,CCSSCC,Inorganique,16,58.827,57.3815,-1.4455,2.457,59.3912,+0.5642,0.959,ptc
HBr,[H]Br,Organique,2,3.76,3.6729,-0.0871,2.317,3.7261,-0.0339,0.903,ptc
gamma-butyrolactone,O=C1CCCO1,Inorganique,12,52.216,51.3380,-0.8780,1.682,51.7119,-0.5041,0.965,ptc
methyl_benzoate,COC(=O)C1=CC=CC=C1,Organique,18,85.647,84.3274,-1.3196,1.541,84.8190,-0.8280,0.967,ptc
formamid,NC=O,Organique,6,23.62,23.2083,-0.4117,1.743,23.1372,-0.4828,2.044,b3lyp
acrylN,C=CC#N,Organique,7,32.04,31.5443,-0.4957,1.547,32.2445,+0.2045,0.638,ptc
N-ethylaniline,CCNC1=CC=CC=C1,Organique,20,88.605,87.1421,-1.4629,1.651,89.2492,+0.6442,0.727,ptc
1butene,C=CCC,Organique,12,47.79,47.0468,-0.7432,1.555,48.2590,+0.4690,0.981,ptc
SiCl4,Cl[Si](Cl)(Cl)Cl,Organique,5,16.5,14.9434,-1.5566,9.434,16.6989,+0.1989,1.205,ptc
OH,[O][H],Organique,2,4.392,4.1696,-0.2224,5.065,4.3487,-0.0433,0.986,ptc
undecane,CCCCCCCCCCC,Organique,35,138.734,136.3997,-2.3343,1.683,140.1060,+1.3720,0.989,ptc
2-ethylpyridine,CCc1ccccn1,Inorganique,17,76.448,75.3900,-1.0580,1.384,77.4737,+1.0257,1.342,ptc
Hydrogen_bromide,Br,Organique,2,3.6871,3.6729,-0.0142,0.386,3.7261,+0.0390,1.057,b3lyp
cyclohexylamine,NC1CCCCC1,Organique,20,79.917,78.2943,-1.6227,2.030,80.4434,+0.5264,0.659,ptc
butyl_acetate,CCCCOC(=O)C,Organique,20,81.875,80.5763,-1.2987,1.586,81.0509,-0.8241,1.007,ptc
"2-methyl-1,3-propanediol",OCC(C)CO,Organique,16,62.043,60.3394,-1.7036,2.746,61.4158,-0.6272,1.011,ptc
1-PrOH,CCCO,Organique,12,45.59,44.6331,-0.9569,2.099,45.1288,-0.4612,1.012,ptc
HOBr,BrO,Organique,3,6.582,6.1840,-0.3980,6.047,6.6806,+0.0986,1.499,ptc
acenaphthene,C1CC2=CC=CC3=C2C1=CC=C3,Organique,22,110.112,108.2599,-1.8521,1.682,111.2315,+1.1195,1.017,ptc
gamma-butyrolactone,C1CC(=O)OC1,Organique,12,52.216,51.3382,-0.8778,1.681,51.7119,-0.5041,0.965,ptc
SiH4,[SiH4],Organique,5,12.94,13.0700,+0.1300,1.005,13.0789,+0.1389,1.073,b3lyp
2-methylpyridine,Cc1ccccn1,Inorganique,14,64.254,63.4410,-0.8130,1.265,65.1768,+0.9228,1.436,b3lyp
caprolactam,C1CCC(=O)NCC1,Organique,19,79.182,78.0037,-1.1783,1.488,79.7715,+0.5895,0.744,ptc
Fluorochlorobromomethane,C(F)(Cl)Br,Organique,5,15.0749,14.9285,-0.1464,0.971,15.2447,+0.1698,1.126,b3lyp
Cyclopropanone,C1CC1=O,Organique,8,33.3172,33.0213,-0.2959,0.888,33.6605,+0.3433,1.030,b3lyp
pyruvic_acid,CC(=O)C(=O)O,Organique,10,43.049,43.6576,+0.6086,1.414,43.4943,+0.4453,1.034,ptc
NMA2,CC(=O)NC,Organique,12,48.15,47.2968,-0.8532,1.772,47.4313,-0.7187,1.493,ptc
trimethylacetic_acid,CC(C)(C)C(=O)O,Organique,17,69.99,68.7552,-1.2348,1.764,69.2588,-0.7312,1.045,ptc
thiophenol,C1=CC=C(C=C1)S,Organique,13,59.843,58.6742,-1.1688,1.953,60.4685,+0.6255,1.045,ptc
4-methylpyridine,Cc1ccncc1,Inorganique,14,64.203,63.4005,-0.8025,1.250,65.1411,+0.9381,1.461,b3lyp
dodecane,CCCCCCCCCCCC,Organique,38,150.894,148.3252,-2.5688,1.702,152.4794,+1.5854,1.051,ptc
SCl,[S]Cl,Organique,2,2.68,2.5748,-0.1052,3.926,2.6915,+0.0115,0.430,ptc
HCFC_141b,CC(F)(Cl)Cl,Organique,8,28.484,27.6894,-0.7946,2.790,28.2017,-0.2823,0.991,ptc
Trimethylsilyl,C[Si](C)C,Organique,13,46.4011,45.9654,-0.4357,0.939,46.8975,+0.4964,1.070,b3lyp
tetrahydrofurfuryl_alcohol,OCC1CCCO1,Organique,17,69.414,67.2203,-2.1937,3.160,68.6682,-0.7458,1.074,ptc
dimethoxymethane,COCOC,Organique,13,49.136,48.3012,-0.8348,1.699,48.6070,-0.5290,1.077,ptc
methylcycloheptane,CC1CCCCCC1,Inorganique,24,97.178,95.3287,-1.8493,1.903,98.2293,+1.0513,1.082,ptc
3-methyl-1-butene,CC(C)C=C,Inorganique,15,60.019,59.0226,-0.9964,1.660,60.6698,+0.6508,1.084,ptc
3-methylpyridine,Cc1cccnc1,Inorganique,14,64.18,63.3734,-0.8066,1.257,65.1407,+0.9607,1.497,b3lyp
Dichlorodibromomethane,C(Cl)(Cl)(Br)Br,Organique,5,11.8866,11.3537,-0.5329,4.483,12.0402,+0.1536,1.292,ptc
acrylamide,C=CC(=O)N,Organique,10,42.382,41.6564,-0.7256,1.712,42.5682,+0.1862,0.439,ptc
1penten,C=CCCC,Organique,15,59.95,58.9828,-0.9672,1.613,60.6150,+0.6650,1.109,ptc
p-chlorotoluene,Cc1ccc(Cl)cc1,Inorganique,15,69.143,67.7173,-1.4257,2.062,68.3831,-0.7599,1.099,ptc
1-pentene,CCCC=C,Organique,15,59.954,58.9829,-0.9711,1.620,60.6206,+0.6666,1.112,ptc
methylcyclopentane,CC1CCCC1,Organique,18,72.781,71.4924,-1.2886,1.770,73.5966,+0.8156,1.121,ptc
EtF,CCF,Organique,8,29.7,29.3831,-0.3169,1.067,30.0357,+0.3357,1.130,b3lyp
cycloheptane,C1CCCCCC1,Organique,21,84.851,83.3450,-1.5060,1.775,85.8155,+0.9645,1.137,ptc
cC4H8,C1CCC1,Organique,12,47.49,46.6984,-0.7916,1.667,46.9487,-0.5413,1.140,ptc
"N,N-dimethylaniline",CN(C)C1=CC=CC=C1,Organique,20,88.134,86.8626,-1.2714,1.443,88.9661,+0.8321,0.944,ptc
ethyl_vinyl_ether,CCOC=C,Organique,13,51.822,50.9738,-0.8482,1.637,52.4146,+0.5926,1.143,ptc
benzoic_acid,C1=CC=C(C=C1)C(=O)O,Organique,15,73.764,72.5574,-1.2066,1.636,72.9179,-0.8461,1.147,ptc
quinazoline,c1ccc2ncncc2c1,Organique,16,80.258,79.1209,-1.1371,1.417,80.8080,+0.5500,0.685,ptc
2_Cyclopropen_1_imine,C1=CC1=N,Organique,7,29.5484,29.3126,-0.2358,0.798,29.0927,-0.4557,1.542,b3lyp
POBr3,BrP(Br)(Br)=O,Inorganique,5,13.083,11.8432,-1.2398,9.476,13.0348,-0.0482,0.369,ptc
quinoxaline,c1ccc2nccnc2c1,Organique,16,80.287,78.9862,-1.3008,1.620,81.0289,+0.7419,0.924,ptc
Bromodichloromethane,C(Cl)(Cl)Br,Organique,5,13.614,13.2308,-0.3832,2.815,13.7968,+0.1828,1.343,ptc
Nitric_acid,[N+](=O)(O)[O-],Organique,5,16.0815,15.8095,-0.2720,1.691,16.1788,+0.0973,0.605,ptc
Benzene,C1=CC=CC=C1,Organique,12,56.6295,56.4657,-0.1638,0.289,57.2968,+0.6673,1.178,b3lyp
acetone,CC(=O)C,Inorganique,10,40.673,40.0898,-0.5832,1.434,40.1934,-0.4796,1.179,ptc
PF,[P]F,Organique,2,4.47,3.1784,-1.2916,28.896,4.4924,+0.0224,0.502,ptc
indene,C1C=CC2=CC=CC=C21,Organique,17,83.261,81.9107,-1.3503,1.622,84.2489,+0.9879,1.186,ptc
CH2NH,C=N,Organique,5,18.11,17.8698,-0.2402,1.326,17.7902,-0.3198,1.766,b3lyp
NaCl,[Na]Cl,Organique,2,4.23,3.6999,-0.5301,12.531,4.0611,-0.1689,3.994,ptc
dicyanog,N#CC#N,Organique,4,21.45,20.7033,-0.7467,3.481,21.5046,+0.0546,0.255,ptc
DME,COC,Organique,9,32.9,32.4526,-0.4474,1.360,32.5031,-0.3969,1.206,ptc
1-hexene,CCCCC=C,Organique,18,72.112,70.9730,-1.1390,1.579,72.9846,+0.8726,1.210,ptc
HCN,C#N,Organique,3,13.39,12.9504,-0.4396,3.283,13.5523,+0.1623,1.212,ptc
2-PrOH,CC(O)C,Organique,12,45.77,44.8042,-0.9658,2.110,45.2143,-0.5557,1.214,ptc
K2,[K][K],Organique,2,0.514,0.4943,-0.0197,3.842,0.5202,+0.0062,1.215,ptc
1-methylcyclohexene,CC1=CCCCC1,Inorganique,19,79.471,78.2043,-1.2667,1.594,80.4365,+0.9655,1.215,ptc
HCl,[H]Cl,Organique,2,4.43,4.1500,-0.2800,6.319,4.3764,-0.0536,1.211,ptc
NCl,[N]Cl,Organique,2,2.75,0.8402,-1.9098,69.448,2.8254,+0.0754,2.740,ptc
Nitrosyl_chloride,N(=O)Cl,Organique,3,8.1107,7.5864,-0.5243,6.464,8.2481,+0.1374,1.694,ptc
cyclopentane,C1CCCC1,Organique,15,60.44,59.4751,-0.9649,1.596,61.1819,+0.7419,1.227,ptc
malononitrile,C(C#N)C#N,Organique,7,34.671,33.3752,-1.2958,3.737,34.0259,-0.6451,1.861,ptc
"N,N-dimethylurea",CN(C)C(=O)N,Organique,14,55.859,54.0752,-1.7838,3.193,54.7162,-1.1428,2.046,ptc
PCl3,ClP(Cl)Cl,Organique,4,9.94,8.8807,-1.0593,10.657,9.8166,-0.1234,1.242,ptc
salicylic_acid,OC1=CC=CC=C1C(=O)O,Organique,16,78.428,76.9747,-1.4533,1.853,77.4436,-0.9844,1.255,ptc
cyclohexene,C1CCC=CC1,Organique,16,67.206,66.0659,-1.1401,1.696,68.0491,+0.8431,1.254,ptc
Fluorodichloromethane,C(F)(Cl)Cl,Organique,5,15.771,15.4325,-0.3385,2.146,15.9955,+0.2245,1.423,ptc
phthalazine,c1ccc2cnncc2c1,Organique,16,79.358,78.2007,-1.1573,1.458,80.5041,+1.1461,1.444,ptc
maleimide,O=C1C=CC(=O)N1,Organique,10,48.938,48.0402,-0.8978,1.835,49.3322,+0.3942,0.805,ptc
butyrN,CCCC#N,Organique,12,50.08,49.3063,-0.7737,1.545,49.3446,-0.7354,1.468,ptc
Hydrogen_chloride,Cl,Organique,2,4.4322,4.1500,-0.2822,6.366,4.3764,-0.0558,1.260,ptc
valeric_acid,CCCCC(=O)O,Organique,17,69.997,68.6802,-1.3168,1.881,69.1049,-0.8921,1.274,ptc
guaiacol,COC1=CC=CC=C1O,Organique,17,77.378,76.2922,-1.0858,1.403,78.3638,+0.9858,1.274,ptc
Pentatetraene,C=C=C=C=C,Organique,9,41.1301,38.8493,-2.2808,5.545,41.6559,+0.5258,1.278,ptc
dimethylphosphine,CPC,Inorganique,10,34.377,33.7958,-0.5812,1.691,33.9368,-0.4402,1.281,ptc
1-heptene,CCCCCC=C,Inorganique,21,84.273,82.8924,-1.3806,1.638,85.3535,+1.0805,1.282,ptc
Cyclobutene,C1CC=C1,Organique,10,41.0822,40.9193,-0.1629,0.397,41.6094,+0.5272,1.283,b3lyp
propyl_formate,CCCOC=O,Inorganique,14,57.177,56.3647,-0.8123,1.421,56.4415,-0.7355,1.286,ptc
acenaphthylene,C1=CC2=C3C(=C1)C=CC3=CC=C2,Organique,20,104.505,102.7182,-1.7868,1.710,105.8521,+1.3471,1.289,ptc
thioacetic_acid,CC(=O)S,Organique,8,31.162,30.3747,-0.7873,2.527,30.7561,-0.4059,1.303,ptc
fluorobenzene,Fc1ccccc1,Inorganique,12,57.888,57.1833,-0.7047,1.217,57.8082,-0.0798,0.138,ptc
pyridazine,C1=CC=NN=C1,Organique,10,45.663,45.1589,-0.5041,1.104,46.1999,+0.5369,1.176,b3lyp
2_Fluoroethanol,C(CF)O,Organique,9,33.5057,33.1536,-0.3521,1.051,33.9456,+0.4399,1.313,b3lyp
cyclooctane,C1CCCCCCC1,Organique,24,96.863,94.9923,-1.8707,1.931,98.1324,+1.2694,1.310,ptc
N_Methylethanamine,CCNC,Organique,13,47.3295,47.2021,-0.1274,0.269,47.7423,+0.4128,0.872,b3lyp
DMDSch,CSCSC,Organique,13,46.73,45.1333,-1.5967,3.417,46.1111,-0.6189,1.324,ptc
Chlorodibromomethane,C(Cl)(Br)Br,Organique,5,12.9481,12.7510,-0.1971,1.522,13.1337,+0.1856,1.433,ptc
acrolein,O=CC=C,Inorganique,8,34.582,34.0159,-0.5661,1.637,35.0452,+0.4632,1.339,ptc
AlBr3,Br[Al](Br)Br,Inorganique,4,11.304,10.4287,-0.8753,7.743,11.6303,+0.3263,2.887,ptc
acrolein,C=CC=O,Organique,8,34.58,34.0158,-0.5642,1.632,35.0452,+0.4652,1.345,ptc
3-hydroxypyridine,Oc1cccnc1,Organique,12,56.371,55.3623,-1.0087,1.789,57.3994,+1.0284,1.824,b3lyp
p-dichlorobenzene,Clc1ccc(Cl)cc1,Inorganique,12,56.302,54.7437,-1.5583,2.768,55.5545,-0.7475,1.328,ptc
cyclopropene,C1C=C1,Organique,7,28.449,27.6256,-0.8234,2.894,28.0626,-0.3864,1.358,ptc
methyl_butyrate,CCCC(=O)OC,Organique,17,69.625,68.5496,-1.0754,1.545,68.6719,-0.9531,1.369,ptc
perfluoropropane,FC(F)(F)C(F)(F)C(F)(F)F,Organique,11,47.345,46.9242,-0.4208,0.889,48.0142,+0.6692,1.413,b3lyp
azetidine,C1CNC1,Inorganique,11,42.175,41.2156,-0.9594,2.275,41.3706,-0.8044,1.907,ptc
Hydrogen_isocyanide,[C-]#[NH+],Organique,3,12.4988,12.2285,-0.2703,2.162,12.3246,-0.1742,1.393,ptc
methyl_acrylate,COC(=O)C=C,Organique,12,51.884,50.8183,-1.0657,2.054,51.1553,-0.7287,1.404,ptc
cyclodecane,C1CCCCCCCCC1,Inorganique,30,121.063,118.7553,-2.3077,1.906,122.7662,+1.7032,1.407,ptc
"1,3-dioxolane",C1COCO1,Organique,11,44.462,43.2947,-1.1673,2.625,43.8334,-0.6286,1.414,ptc
CHF2Cl,FC(F)Cl,Inorganique,5,17.603,17.2839,-0.3191,1.813,17.3755,-0.2275,1.292,ptc
Benzyl,[CH2]C1=CC=CC=C1,Organique,14,64.8993,64.7473,-0.1520,0.234,65.8170,+0.9177,1.414,b3lyp
m-dichlorobenzene,Clc1cccc(Cl)c1,Inorganique,12,56.334,54.7351,-1.5989,2.838,55.5481,-0.7859,1.395,ptc
"1,3-dioxane",C1COCOC1,Organique,14,56.887,55.2257,-1.6613,2.920,56.0749,-0.8121,1.428,ptc
"1,3-propanediol",OCCCO,Organique,13,49.757,48.3287,-1.4283,2.871,49.0462,-0.7108,1.429,ptc
salicylaldehyde,OC1=CC=CC=C1C=O,Organique,15,72.22,71.6746,-0.5454,0.755,73.2508,+1.0308,1.427,b3lyp
P2,[P]#[P],Organique,2,5.033,3.1717,-1.8613,36.982,4.9609,-0.0721,1.433,ptc
NMA,CC(=O)N,Organique,9,36.26,35.4217,-0.8383,2.312,35.4570,-0.8030,2.215,ptc
Fluorodibromomethane,C(F)(Br)Br,Organique,5,14.3873,14.4417,+0.0544,0.378,14.5978,+0.2105,1.463,b3lyp
hexafluorobenzene,C1(=C(C(=C(C(=C1F)F)F)F)F)F,Organique,12,59.778,59.3615,-0.4165,0.697,60.6471,+0.8691,1.454,b3lyp
TMA,CN(C)C,Organique,13,48.32,47.1418,-1.1782,2.438,47.5009,-0.8191,1.695,ptc
Naphthalene,C1=CC=C2C=CC=CC2=C1,Organique,18,89.8714,89.4387,-0.4327,0.481,91.1741,+1.3027,1.450,b3lyp
diethyl_oxalate,CCOC(=O)C(=O)OCC,Organique,20,85.182,84.0210,-1.1610,1.363,83.9452,-1.2368,1.452,b3lyp
diketene,C=CC(=O)OC=C,Organique,13,57.934,57.1383,-0.7957,1.374,58.7749,+0.8409,1.451,b3lyp
2-methoxyethanol,COCCO,Organique,13,49.43,48.3631,-1.0669,2.158,48.7079,-0.7221,1.461,ptc
acrylic_acid,OC(=O)C=C,Inorganique,9,39.83,39.0314,-0.7986,2.005,39.2477,-0.5823,1.462,ptc
H2S,S,Organique,3,7.45,7.2067,-0.2433,3.266,7.5767,+0.1267,1.701,ptc
CaF,[Ca]F,Organique,2,5.29,4.0652,-1.2248,23.154,5.2145,-0.0755,1.427,ptc
Phenanthrene,C1=CC=C2C(=C1)C=CC3=CC=CC=C32,Organique,24,123.2118,122.5021,-0.7097,0.576,125.0305,+1.8187,1.476,b3lyp
SiOCl2,Cl[Si](=O)Cl,Inorganique,4,15.395,12.6179,-2.7771,18.039,15.2984,-0.0966,0.627,ptc
CH,[C][H],Organique,2,3.465,3.3467,-0.1183,3.414,3.5165,+0.0515,1.487,ptc
paraldehyde,CC1OC(C)OC(C)O1,Organique,21,86.095,84.0756,-2.0194,2.346,84.8118,-1.2832,1.490,ptc
methyl_vinyl_ether,COC=C,Organique,10,39.501,38.8576,-0.6434,1.629,40.0930,+0.5920,1.499,ptc
12butadiene,C=C=CC,Organique,10,41.27,41.0424,-0.2276,0.552,41.8928,+0.6228,1.509,b3lyp
propyl_acetate,CCCOC(=O)C,Organique,17,69.739,68.6743,-1.0647,1.527,68.6826,-1.0564,1.515,ptc
12-crown-4,C1COCCOCCOCCO1,Organique,28,113.739,110.1175,-3.6215,3.184,112.0134,-1.7256,1.517,ptc
difluorobromomethane,FC(F)Br,Organique,5,16.887,16.7747,-0.1123,0.665,16.6400,-0.2470,1.463,b3lyp
Chlorofluoromethane,C(F)Cl,Organique,5,16.5502,16.3931,-0.1571,0.949,16.8169,+0.2667,1.611,b3lyp
SiH2F2,F[SiH2]F,Organique,5,17.244,18.0332,+0.7892,4.577,16.9833,-0.2607,1.512,ptc
p-fluorotoluene,Cc1ccc(F)cc1,Inorganique,15,70.521,69.2676,-1.2534,1.777,69.4438,-1.0772,1.527,ptc
styrene,C=Cc1ccccc1,Organique,16,74.85,74.8475,-0.0025,0.003,76.0042,+1.1542,1.542,b3lyp
MePH2,PC,Organique,7,22.21,21.7101,-0.4999,2.251,21.8671,-0.3429,1.544,ptc
"1,2-propanediol",CC(O)CO,Organique,13,49.89,48.6032,-1.2868,2.579,49.1128,-0.7772,1.558,ptc
3_Dioxiranone,C1(=O)OO1,Organique,4,16.7055,16.4198,-0.2857,1.710,16.4440,-0.2615,1.566,ptc
KCl,[K]Cl,Organique,2,4.43,3.7659,-0.6641,14.991,4.5120,+0.0820,1.852,ptc
Ethoxy,CC[O],Organique,8,28.4427,28.2479,-0.1948,0.685,28.8886,+0.4459,1.568,b3lyp
Carbonic_acid,C(=O)(O)O,Organique,6,25.3439,25.2032,-0.1407,0.555,24.9452,-0.3987,1.573,b3lyp
MecPr,C1CC1C,Organique,12,47.8,46.7742,-1.0258,2.146,47.0490,-0.7510,1.571,ptc
Propadienone,C=C=C=O,Organique,6,27.7867,27.4900,-0.2967,1.068,27.3487,-0.4380,1.576,b3lyp
methacrylonitrile,CC(=C)C#N,Organique,10,44.995,43.6717,-1.3233,2.941,44.1866,-0.8084,1.797,ptc
benzonitrile,N#Cc1ccccc1,Inorganique,13,65.956,65.0313,-0.9247,1.402,65.5230,-0.4330,0.656,ptc
pentafluoroethane,FC(F)C(F)(F)F,Organique,8,32.671,32.6512,-0.0198,0.061,33.1938,+0.5228,1.600,b3lyp
"1,3-dioxolane",C1OCOC1,Inorganique,11,44.529,43.2945,-1.2345,2.772,43.8233,-0.7057,1.585,ptc
VinylCl,C=CCl,Organique,6,22.66,22.1600,-0.5000,2.207,23.0297,+0.3697,1.631,ptc
BO,[B]#[O],Organique,2,8.28,8.2043,-0.0757,0.915,8.1379,-0.1421,1.716,b3lyp
CCl,[C]Cl,Organique,2,3.96,3.9311,-0.0289,0.729,3.9554,-0.0046,0.116,ptc
cyclopentene,C1CC=CC1,Organique,13,54.863,53.8826,-0.9804,1.787,55.7354,+0.8724,1.590,ptc
Difluorodibromomethane,C(F)(F)(Br)Br,Organique,5,15.0293,15.2158,+0.1865,1.241,14.7942,-0.2351,1.564,b3lyp
pentafluoroethane,FC(F)(F)C(F)F,Inorganique,8,32.671,32.6512,-0.0198,0.061,33.1938,+0.5228,1.600,b3lyp
isopropyl_acetate,CC(C)OC(=O)C,Organique,17,69.887,68.8081,-1.0789,1.544,68.7653,-1.1217,1.605,b3lyp
4-hydroxypyridine,Oc1ccncc1,Organique,12,56.232,55.4493,-0.7827,1.392,57.4002,+1.1682,2.078,b3lyp
isopropyl_acetate,CC(=O)OC(C)C,Inorganique,17,69.89,68.8080,-1.0820,1.548,68.7656,-1.1244,1.609,b3lyp
Bromofluoromethane,C(F)Br,Organique,5,15.8576,15.9254,+0.0678,0.428,16.1159,+0.2583,1.629,b3lyp
1-fluorobutane,CCCCF,Inorganique,14,53.844,53.2616,-0.5824,1.082,54.7193,+0.8753,1.626,b3lyp
benzoxazole,c1ccc2ocnc2c1,Organique,14,70.306,69.4665,-0.8395,1.194,69.3278,-0.9782,1.391,b3lyp
Fulvenone,C1=CC(=C=O)C=C1,Organique,11,54.5389,54.1583,-0.3806,0.698,55.4252,+0.8863,1.625,b3lyp
SiC,[Si]#[C],Organique,2,4.64,2.0324,-2.6076,56.199,4.7155,+0.0755,1.627,ptc
ethyl_formate,CCOC=O,Organique,11,44.855,44.4026,-0.4524,1.009,44.1201,-0.7349,1.638,b3lyp
"2,3-dimethyl-1,3-butadiene",CC(=C)C(=C)C,Inorganique,16,66.664,65.5926,-1.0714,1.607,67.7566,+1.0926,1.639,b3lyp
Hypochlorous_acid,OCl,Organique,3,6.8025,6.2856,-0.5169,7.599,6.9538,+0.1513,2.224,ptc
acrylic_acid,C=CC(=O)O,Organique,9,39.907,39.0315,-0.8755,2.194,39.2492,-0.6578,1.648,ptc
2-azetidinone,O=C1CCN1,Organique,10,42.057,41.2940,-0.7630,1.814,41.1484,-0.9086,2.160,b3lyp
2_Butynyl,CC#C[CH2],Organique,9,37.3914,37.3704,-0.0210,0.056,38.0110,+0.6196,1.657,b3lyp
dimethylurea,CNC(=O)NC,Organique,14,55.974,54.1528,-1.8212,3.254,54.6117,-1.3623,2.434,ptc
methylenecyclopropane,C=C1CC1,Organique,10,41.133,40.4798,-0.6532,1.588,41.8155,+0.6825,1.659,b3lyp
DMS,CSC,Organique,9,31.67,31.0491,-0.6209,1.960,31.1445,-0.5255,1.659,ptc
alanine,CC(N)C(=O)O,Organique,13,52.558,51.2635,-1.2945,2.463,51.4116,-1.1464,2.181,ptc
2-methylimidazole,CC1=NC=CN1,Organique,12,52.237,51.3662,-0.8708,1.667,52.8068,+0.5698,1.091,ptc
1_1_Ethenediol,C=C(O)O,Organique,8,31.8881,31.3419,-0.5462,1.713,32.4196,+0.5315,1.667,ptc
LiOH,[Li]O,Inorganique,3,8.921,7.9676,-0.9534,10.687,8.7831,-0.1379,1.546,ptc
trioxane,C1OCOCO1,Organique,12,48.412,47.5427,-0.8693,1.796,47.5969,-0.8151,1.684,ptc
S2F2,FSSF,Inorganique,4,11.412,9.2979,-2.1141,18.525,11.7517,+0.3397,2.977,ptc
SiF,[Si]F,Organique,2,5.57,5.8152,+0.2452,4.403,5.5579,-0.0121,0.217,ptc
allyl_chloride,C=CCCl,Organique,9,34.886,34.1255,-0.7605,2.180,35.4857,+0.5997,1.719,ptc
propylene_oxide,CC1CO1,Organique,10,39.31,38.7192,-0.5908,1.503,38.6424,-0.6676,1.698,b3lyp
"1,4-cyclohexadiene",C1C=CCC=C1,Organique,14,61.565,60.4712,-1.0938,1.777,62.6152,+1.0502,1.706,ptc
glycolal,OCC=O,Organique,8,32.44,31.5913,-0.8487,2.616,31.8810,-0.5590,1.723,ptc
4-aminophenol,NC1=CC=C(O)C=C1,Organique,15,68.559,67.3302,-1.2288,1.792,69.4584,+0.8994,1.312,ptc
benzimidazole,C1=CC=C2C(=C1)N=CN2,Organique,15,73.468,72.3645,-1.1035,1.502,74.4353,+0.9673,1.317,ptc
Peroxynitrous_acid,N(=O)OO,Organique,5,14.7104,14.3155,-0.3949,2.685,14.7150,+0.0046,0.032,ptc
"2,6-dimethylpyridine",CC1=CC=CC(=N1)C,Organique,17,76.62,75.6148,-1.0052,1.312,77.8981,+1.2781,1.668,b3lyp
AlH,[Al][H],Organique,2,2.98,2.8439,-0.1361,4.567,2.9425,-0.0375,1.259,ptc
trifluoroethanol,C(C(F)(F)F)O,Organique,9,35.892,35.3161,-0.5759,1.604,35.2657,-0.6263,1.745,b3lyp
Butatriene,C=C=C=C,Organique,8,35.0462,32.4223,-2.6239,7.487,35.6641,+0.6179,1.763,ptc
Tribromochloromethane,C(Cl)(Br)(Br)Br,Organique,5,11.2062,10.8571,-0.3491,3.115,11.4169,+0.2107,1.880,ptc
isoprene,CC(=C)C=C,Organique,13,54.43,53.5618,-0.8682,1.595,55.3953,+0.9653,1.773,b3lyp
NaO,[Na][O],Organique,2,2.6,2.2552,-0.3448,13.260,2.6505,+0.0505,1.941,ptc
"1,3-cyclohexadiene",C1CC=CC=C1,Organique,14,61.544,60.4059,-1.1381,1.849,62.6446,+1.1006,1.788,ptc
N2H4,NN,Organique,6,17.96,17.2230,-0.7370,4.104,17.8747,-0.0853,0.475,ptc
NaBr,[Na]Br,Organique,2,3.79,3.3902,-0.3998,10.549,3.8377,+0.0477,1.257,ptc
adamantane,C1C2CC3CC1CC(C2)C3,Organique,26,111.824,109.5701,-2.2539,2.016,113.8400,+2.0160,1.803,ptc
SH,[S][H],Organique,2,3.56,3.5089,-0.0511,1.434,3.6326,+0.0726,2.040,b3lyp
ethanol,CCO,Organique,9,33.43,32.6719,-0.7581,2.268,32.8255,-0.6045,1.808,ptc
2-aminophenol,NC1=CC=CC=C1O,Organique,15,68.549,67.3367,-1.2123,1.769,69.5058,+0.9568,1.396,ptc
BF,[B]F,Organique,2,7.81,7.4345,-0.3755,4.807,7.7827,-0.0273,0.350,ptc
3_Buten_2_one,CC(=O)C=C,Organique,11,46.4575,46.2830,-0.1745,0.376,47.3018,+0.8443,1.817,b3lyp
CaF2,F[Ca]F,Inorganique,3,11.684,9.1243,-2.5597,21.907,11.9017,+0.2177,1.863,ptc
cC3H6,C1CC1,Organique,9,35.29,34.7442,-0.5458,1.547,34.6393,-0.6507,1.844,b3lyp
C2H4,C=C,Organique,6,23.09,22.9923,-0.0977,0.423,22.6628,-0.4272,1.850,b3lyp
CBrCl3,ClC(Cl)(Cl)Br,Inorganique,5,12.867,11.8557,-1.0113,7.860,12.6569,-0.2101,1.633,ptc
1-methylimidazole,CN1C=CN=C1,Organique,12,51.755,51.0428,-0.7122,1.376,52.4677,+0.7127,1.377,b3lyp
Si2Cl6,Cl[Si](Cl)(Cl)[Si](Cl)(Cl)Cl,Inorganique,8,27.372,24.1166,-3.2554,11.893,26.8951,-0.4769,1.742,ptc
1_2_Butadiene,CC=C=C,Organique,10,41.1027,41.0422,-0.0605,0.147,41.8988,+0.7961,1.937,b3lyp
HFC_134a,FCC(F)(F)F,Organique,8,31.864,31.8842,+0.0202,0.063,32.4915,+0.6275,1.969,b3lyp
biuret,NC(=O)NC(=O)N,Organique,12,51.641,48.7636,-2.8774,5.572,49.8579,-1.7831,3.453,ptc
butyric_acid,CCCC(=O)O,Organique,14,57.883,56.7641,-1.1189,1.933,56.7473,-1.1357,1.962,b3lyp
isoquinoline,C1=CC=C2C=NC=CC2=C1,Organique,17,85.445,84.2360,-1.2090,1.415,85.3818,-0.0632,0.074,ptc
EtSSH,CCSS,Organique,10,34.46,33.3659,-1.0941,3.175,35.1378,+0.6778,1.967,ptc
methyl_thiocyanate,CSC#N,Organique,7,28.053,27.2791,-0.7739,2.759,27.4047,-0.6483,2.311,ptc
quinoline,C1=CC=C2C(=C1)C=CC=N2,Organique,17,85.488,84.2442,-1.2438,1.455,85.4605,-0.0275,0.032,ptc
methyl_propanoate,CCC(=O)OC,Organique,14,57.471,56.5362,-0.9348,1.627,56.3223,-1.1487,1.999,b3lyp
glycerol,OCC(O)CO,Organique,14,54.096,52.3292,-1.7668,3.266,53.0132,-1.0828,2.002,ptc
diethyl_carbonate,CCOC(=O)OCC,Organique,18,74.093,73.0022,-1.0908,1.472,72.6095,-1.4835,2.002,b3lyp
Ethylperoxy,CCO[O],Organique,9,31.115,31.0920,-0.0230,0.074,31.7446,+0.6296,2.023,b3lyp
Bromoform,C(Br)(Br)Br,Organique,5,12.2645,12.2885,+0.0240,0.195,12.5159,+0.2514,2.049,b3lyp
CF,[C]F,Organique,2,5.56,5.7428,+0.1828,3.288,5.5379,-0.0221,0.398,ptc
Isobutene,CC(=C)C,Organique,12,47.3619,47.2491,-0.1128,0.238,48.3247,+0.9628,2.033,b3lyp
isobutyric_acid,CC(C)C(=O)O,Organique,14,57.968,56.7763,-1.1917,2.056,56.7850,-1.1830,2.041,ptc
DMA,CNC,Organique,10,36.34,35.1943,-1.1457,3.153,35.3822,-0.9578,2.636,ptc
succinic_anhydride,O=C1OC(=O)CC1,Organique,11,51.962,50.9028,-1.0592,2.038,50.8828,-1.0792,2.077,b3lyp
adiponitrile,N#CCCCCC#N,Organique,16,71.555,69.6282,-1.9268,2.693,69.8710,-1.6840,2.353,ptc
CH3OH,CO,Organique,6,21.29,20.5484,-0.7416,3.483,20.8464,-0.4436,2.083,ptc
ethyl_propanoate,CCOC(=O)CC,Organique,17,70.109,68.6314,-1.4776,2.108,68.6484,-1.4606,2.083,ptc
cyclopentadiene,C1C=CC=C1,Organique,11,49.304,48.3995,-0.9045,1.834,50.3404,+1.0364,2.102,b3lyp
Phenylethene,C=CC1=CC=CC=C1,Organique,16,75.1377,74.8475,-0.2902,0.386,76.7220,+1.5843,2.108,b3lyp
1_Phenylethenol,C=C(C1=CC=CC=C1)O,Organique,17,79.5546,78.9641,-0.5905,0.742,81.2329,+1.6783,2.110,b3lyp
CH2O,C=O,Organique,4,15.46,15.4209,-0.0391,0.253,15.7860,+0.3260,2.109,b3lyp
EtOAc,CCOC(=O)C,Organique,14,57.56,56.7011,-0.8589,1.492,56.3436,-1.2164,2.113,b3lyp
ethyl_acetate,CC(=O)OCC,Inorganique,14,57.559,56.7107,-0.8483,1.474,56.3425,-1.2165,2.113,b3lyp
2-aminopyridine,Nc1ccccn1,Organique,13,59.27,58.3189,-0.9511,1.605,60.4875,+1.2175,2.054,b3lyp
epichlorohydrin,ClCC1CO1,Organique,10,38.959,37.7572,-1.2018,3.085,38.1375,-0.8215,2.109,ptc
2-methylpyridine,CC1=CC=CC=N1,Organique,14,64.254,63.4410,-0.8130,1.265,65.1768,+0.9228,1.436,b3lyp
BH3,[BH3],Inorganique,4,11.535,11.6987,+0.1637,1.419,11.7819,+0.2469,2.141,b3lyp
oxetane,C1COC1,Organique,10,39.26,38.6354,-0.6246,1.591,38.4167,-0.8433,2.148,b3lyp
benzoic_acid,OC(=O)c1ccccc1,Inorganique,15,73.764,72.5569,-1.2071,1.636,72.9179,-0.8461,1.147,ptc
pyridine,c1ccncc1,Organique,11,51.43,51.2655,-0.1645,0.320,52.8082,+1.3782,2.680,b3lyp
butad,C=CC=C,Organique,10,42.13,41.4642,-0.6658,1.580,43.0403,+0.9103,2.161,b3lyp
4-methylpyridine,CC1=CC=NC=C1,Organique,14,64.203,63.4005,-0.8025,1.250,65.1411,+0.9381,1.461,b3lyp
indole,C1=CC=C2C(=C1)C=CN2,Organique,16,78.208,77.2068,-1.0012,1.280,79.6890,+1.4810,1.894,b3lyp
EtCN,CCC#N,Organique,9,37.93,37.3369,-0.5931,1.564,37.0088,-0.9212,2.429,b3lyp
Acetone_enol,CC(=C)O,Organique,10,39.6181,39.3341,-0.2840,0.717,40.4802,+0.8621,2.176,b3lyp
Dichlorodifluoromethane,C(F)(F)(Cl)Cl,Organique,5,16.5227,16.2344,-0.2883,1.745,16.1883,-0.3344,2.024,b3lyp
2_Methylallyl,CC(=C)[CH2],Organique,11,43.551,43.4786,-0.0724,0.166,44.5010,+0.9500,2.181,b3lyp
HOSO2,OS(=O)=O,Inorganique,6,20.871,17.5149,-3.3561,16.080,21.4936,+0.6226,2.983,ptc
MgH,[Mg][H],Organique,2,1.28,1.3333,+0.0533,4.167,1.2752,-0.0048,0.376,ptc
3-methylpyridine,CC1=CN=CC=C1,Organique,14,64.179,63.3734,-0.8056,1.255,65.5354,+1.3564,2.113,b3lyp
SO,O=S,Organique,2,5.343,3.7164,-1.6266,30.443,5.2237,-0.1193,2.234,ptc
PFCl2,ClP(Cl)F,Inorganique,4,11.188,10.7842,-0.4038,3.609,11.4465,+0.2585,2.310,ptc
triethylborane,CCB(CC)CC,Organique,22,86.331,83.5461,-2.7849,3.226,84.4058,-1.9252,2.230,ptc
Isocyanobenzene,[C-]#[N+]C1=CC=CC=C1,Organique,13,64.3577,64.1146,-0.2431,0.378,65.6803,+1.3226,2.055,b3lyp
F2,FF,Organique,2,1.602,-0.7568,-2.3588,147.240,1.5661,-0.0359,2.244,ptc
Allyl,C=C[CH2],Organique,8,31.4505,31.4061,-0.0444,0.141,32.1577,+0.7072,2.249,b3lyp
Tetrafluoroethylene,C(=C(F)F)(F)F,Organique,6,24.9024,25.0356,+0.1332,0.535,24.3444,-0.5580,2.241,b3lyp
4-aminopyridine,Nc1ccncc1,Organique,13,59.148,58.2214,-0.9266,1.567,60.4719,+1.3239,2.238,b3lyp
CFC12,FC(F)(Cl)Cl,Organique,5,16.54,16.2345,-0.3055,1.847,16.1883,-0.3517,2.127,b3lyp
thymine,CC1=CNC(=O)NC1=O,Organique,15,69.066,68.0399,-1.0261,1.486,67.0741,-1.9919,2.884,b3lyp
"1,4-pentadiene",C=CCC=C,Inorganique,13,54.127,53.2136,-0.9134,1.688,55.3709,+1.2439,2.298,b3lyp
n_Propyl,CC[CH2],Organique,10,36.5658,36.6024,+0.0366,0.100,37.4062,+0.8404,2.298,b3lyp
oxazole,c1cocn1,Inorganique,8,36.704,36.1770,-0.5270,1.436,36.6128,-0.0912,0.248,ptc
glyoxal,O=CC=O,Organique,6,26.74,26.3382,-0.4018,1.502,27.3651,+0.6251,2.338,b3lyp
lactic_acid,CC(C(=O)O)O,Organique,12,49.635,48.6905,-0.9445,1.903,48.4702,-1.1648,2.347,b3lyp
diethanolamine,OCCNCCO,Organique,18,69.718,66.7292,-2.9888,4.287,67.8677,-1.8503,2.654,ptc
N-methylimidazole,Cn1ccnc1,Inorganique,12,54.134,51.0428,-3.0912,5.710,53.7449,-0.3891,0.719,ptc
urea,NC(N)=O,Organique,8,31.97,30.4057,-1.5643,4.893,30.6569,-1.3131,4.107,ptc
Difluorochlorobromomethane,C(F)(F)(Cl)Br,Organique,5,15.8196,15.7164,-0.1032,0.652,15.4606,-0.3590,2.269,b3lyp
CCl4mol,ClC(Cl)(Cl)Cl,Organique,5,13.01,12.3693,-0.6407,4.925,13.3558,+0.3458,2.658,ptc
iso_Butyl,CC(C)[CH2],Organique,13,48.6367,48.5875,-0.0492,0.101,49.7994,+1.1627,2.391,b3lyp
n_Butyl,CCC[CH2],Organique,13,48.5768,48.5584,-0.0184,0.038,49.7428,+1.1660,2.400,b3lyp
imidazole,C1=CN=CN1,Organique,9,39.742,39.1438,-0.5982,1.505,38.1462,-1.5958,4.015,b3lyp
EG,OCCO,Organique,10,37.64,36.3849,-1.2551,3.334,36.7276,-0.9124,2.424,ptc
135hextr,C=CC=CC=C,Organique,14,60.93,59.9288,-1.0012,1.643,62.4099,+1.4799,2.429,b3lyp
AlF,[Al]F,Organique,2,6.88,6.6304,-0.2496,3.627,6.7912,-0.0888,1.291,ptc
Hypobromous_acid,OBr,Organique,3,6.4892,6.1840,-0.3052,4.704,6.6806,+0.1914,2.950,ptc
Hydrazino,N[NH],Organique,5,14.0383,13.0599,-0.9784,6.970,14.0750,+0.0367,0.261,ptc
CH3Cl,CCl,Organique,5,16.31,16.0030,-0.3070,1.882,15.9196,-0.3904,2.394,b3lyp
methyl_cyanoacetate,COC(=O)CC#N,Organique,12,53.612,52.8009,-0.8111,1.513,52.1728,-1.4392,2.684,b3lyp
KBr,[K]Br,Organique,2,3.93,3.5064,-0.4236,10.779,4.0865,+0.1565,3.983,ptc
Cl2O,ClOCl,Organique,3,4.265,3.7635,-0.5015,11.759,4.4364,+0.1714,4.019,ptc
NH2OH,NO,Organique,5,14.706,14.1259,-0.5801,3.945,14.8105,+0.1045,0.711,ptc
3-aminopyridine,Nc1cccnc1,Organique,13,58.999,58.0971,-0.9019,1.529,60.4721,+1.4731,2.497,b3lyp
vinylOH,OC=C,Organique,7,27.76,27.1263,-0.6337,2.283,28.4661,+0.7061,2.544,b3lyp
CaCl,[Ca]Cl,Organique,2,4.13,3.4256,-0.7044,17.057,4.2478,+0.1178,2.853,ptc
Ac2O,CC(=O)OC(=O)C,Organique,13,56.99,55.9507,-1.0393,1.824,55.4960,-1.4940,2.622,b3lyp
BF2Cl,FB(F)Cl,Inorganique,4,17.071,16.4897,-0.5813,3.405,17.5207,+0.4497,2.634,ptc
Dibromophosgene,C(=O)(Br)Br,Organique,4,13.2659,13.2140,-0.0519,0.391,12.9157,-0.3502,2.640,b3lyp
SiHCl3,Cl[SiH](Cl)Cl,Organique,5,15.838,14.4969,-1.3411,8.468,16.2962,+0.4582,2.893,ptc
nitrobenzene,[O-][N+](=O)c1ccccc1,Inorganique,14,65.229,64.4522,-0.7768,1.191,66.5551,+1.3261,2.033,b3lyp
Tetrabromomethane,C(Br)(Br)(Br)Br,Organique,5,10.5299,10.3762,-0.1537,1.460,10.8181,+0.2882,2.737,b3lyp
"1,1,2-trifluoroethane",FCC(F)F,Inorganique,8,30.979,30.6285,-0.3505,1.131,31.8276,+0.8486,2.739,b3lyp
DMC,COC(=O)OC,Organique,12,49.33,48.7839,-0.5461,1.107,47.9721,-1.3579,2.753,b3lyp
pyrrole,c1cc[nH]c1,Organique,10,44.59,44.0064,-0.5836,1.309,41.7065,-2.8835,6.467,b3lyp
OF,[O]F,Organique,2,2.24,1.9998,-0.2402,10.721,2.2151,-0.0249,1.113,ptc
methyl_acetate,CC(=O)OC,Organique,11,45.289,44.6078,-0.6812,1.504,44.0225,-1.2665,2.797,b3lyp
MeOCHO,COC=O,Organique,8,32.74,32.3111,-0.4289,1.310,31.8151,-0.9249,2.825,b3lyp
MgF,[Mg]F,Organique,2,4.59,4.0122,-0.5778,12.587,4.7666,+0.1766,3.847,ptc
LiO,[Li][O],Organique,2,3.44,3.2265,-0.2135,6.206,3.5647,+0.1247,3.624,ptc
trifluoroacetic_acid,OC(=O)C(F)(F)F,Organique,8,35.837,34.7860,-1.0510,2.933,34.8163,-1.0207,2.848,ptc
norbornene,C1CC2CC1C=C2,Organique,17,73.735,72.1953,-1.5397,2.088,75.8521,+2.1171,2.871,b3lyp
SiF3Br,F[Si](F)(F)Br,Inorganique,5,19.305,20.7461,+1.4411,7.465,19.8869,+0.5819,3.014,ptc
BeCl,[Be]Cl,Organique,2,3.85,3.8999,+0.0499,1.296,3.9632,+0.1132,2.941,b3lyp
Vinyl_bromide,C=CBr,Organique,6,21.7036,21.6622,-0.0414,0.191,22.3324,+0.6288,2.897,b3lyp
PH3,P,Organique,4,9.89,9.7256,-0.1644,1.663,9.8623,-0.0277,0.280,ptc
BF3,FB(F)F,Organique,4,20.01,19.0071,-1.0029,5.012,19.4300,-0.5800,2.899,ptc
benzothiophene,c1ccc2sccc2c1,Inorganique,15,76.391,72.5989,-3.7921,4.964,74.2304,-2.1606,2.828,ptc
Pentachloroethane,C(C(Cl)(Cl)Cl)(Cl)Cl,Organique,8,24.7442,23.3988,-1.3454,5.437,25.5035,+0.7593,3.069,ptc
Al2,[Al]=[Al],Organique,2,1.55,-0.3076,-1.8576,119.844,1.5047,-0.0453,2.920,ptc
CF4,FC(F)(F)F,Organique,5,20.2,20.4698,+0.2698,1.336,20.8777,+0.6777,3.355,b3lyp
NaOH,[Na]O,Inorganique,3,8.006,7.0096,-0.9964,12.445,8.2462,+0.2402,3.000,ptc
uracil,O=C1NC=CC(=O)N1,Organique,12,56.854,55.8572,-0.9968,1.753,54.7642,-2.0898,3.676,b3lyp
Sulfuric_acid,OS(=O)(=O)O,Organique,7,24.9695,22.1828,-2.7867,11.160,25.7086,+0.7391,2.960,ptc
CH3Br,CBr,Organique,5,15.69,15.5825,-0.1075,0.685,15.2253,-0.4647,2.962,b3lyp
propylene_carbonate,CC1COC(=O)O1,Organique,13,57.371,55.7543,-1.6167,2.818,55.6502,-1.7208,2.999,b3lyp
S2Cl2,ClSSCl,Inorganique,4,8.46,7.0635,-1.3965,16.507,8.2984,-0.1616,1.911,ptc
HNO,N=O,Organique,3,8.57,8.3064,-0.2636,3.076,8.3128,-0.2572,3.001,ptc
triethyl_phosphate,CCOP(=O)(OCC)OCC,Organique,26,103.656,100.9614,-2.6946,2.600,100.5403,-3.1157,3.006,b3lyp
1_3_Cycloheptadiene,C1CC=CC=CC1,Organique,17,72.7223,72.3447,-0.3776,0.519,74.9482,+2.2259,3.061,b3lyp
Fulminic_acid,[C-]#[N+]O,Organique,4,15.2783,14.1936,-1.0847,7.099,15.4290,+0.1507,0.986,ptc
AlCl3,Cl[Al](Cl)Cl,Organique,4,13.16,11.9239,-1.2361,9.393,12.7485,-0.4115,3.127,ptc
divinyl_ether,C=COC=C,Organique,11,46.194,45.2920,-0.9020,1.953,47.6367,+1.4427,3.123,b3lyp
MgBr2,Br[Mg]Br,Inorganique,3,7.455,6.3339,-1.1211,15.038,7.2488,-0.2062,2.766,ptc
MeSiH3,[SiH3]C,Organique,8,25.96,25.3331,-0.6269,2.415,25.1407,-0.8193,3.156,b3lyp
3-nitrotoluene,CC1=CC(=CC=C1)[N+](=O)[O-],Organique,17,77.613,76.5641,-1.0489,1.351,79.6498,+2.0368,2.624,b3lyp
Biallenyl,C=C=CC=C=C,Organique,12,53.3265,53.2608,-0.0657,0.123,55.0297,+1.7032,3.194,b3lyp
glycine,NCC(=O)O,Organique,10,40.55,39.3232,-1.2268,3.025,38.9776,-1.5724,3.878,b3lyp
Methyl_hypochlorite,COCl,Organique,6,18.4388,18.2020,-0.2368,1.284,19.0319,+0.5931,3.217,b3lyp
vinyl_fluoride,C=CF,Organique,6,23.895,23.6349,-0.2601,1.088,24.6647,+0.7697,3.221,b3lyp
Tetrachloroethene,C(=C(Cl)Cl)(Cl)Cl,Organique,6,19.9188,19.0047,-0.9141,4.589,19.3103,-0.6085,3.055,ptc
perfluorocyclobutane,FC1(F)C(F)(F)C(F)(F)C1(F)F,Organique,12,52.282,52.0351,-0.2469,0.472,53.9833,+1.7013,3.254,b3lyp
Cycloheptatriene,C1C=CC=CC=C1,Organique,15,67.3747,66.7779,-0.5968,0.886,69.5543,+2.1796,3.235,b3lyp
4-nitrotoluene,CC1=CC=C(C=C1)[N+](=O)[O-],Organique,17,77.554,76.5835,-0.9705,1.251,79.6506,+2.0966,2.703,b3lyp
Trimethylsiloxy,C[Si](C)(C)[O],Organique,14,51.4013,50.6198,-0.7815,1.520,49.7251,-1.6762,3.261,b3lyp
benzofuran,c1ccc2occc2c1,Inorganique,15,75.676,74.2943,-1.3817,1.826,73.2689,-2.4071,3.181,b3lyp
"1,2-difluoroethane",FCCF,Organique,8,30.161,29.7215,-0.4395,1.457,31.1652,+1.0042,3.330,b3lyp
malonic_acid,C(C(=O)O)C(=O)O,Organique,11,49.329,48.4568,-0.8722,1.768,47.6614,-1.6676,3.381,b3lyp
Oxaziridine,C1NO1,Organique,6,20.3288,20.0741,-0.2547,1.253,20.8109,+0.4821,2.372,b3lyp
1_5_Hexadiene,C=CCCC=C,Organique,16,65.5048,65.1814,-0.3234,0.494,67.7264,+2.2216,3.392,b3lyp
nitromethane,C[N+](=O)[O-],Organique,7,25.32,24.7040,-0.6160,2.433,24.2257,-1.0943,4.322,b3lyp
SOCl2,ClS(Cl)=O,Organique,4,10.172,8.0861,-2.0859,20.506,10.6118,+0.4398,4.323,ptc
maleic_anhydride,O=C1OC(=O)C=C1,Organique,9,46.29,45.2086,-1.0814,2.336,44.7066,-1.5834,3.421,b3lyp
succinic_acid,C(CC(=O)O)C(=O)O,Organique,14,62.119,60.6131,-1.5059,2.424,59.9741,-2.1449,3.453,b3lyp
2-nitrotoluene,CC1=CC=CC=C1[N+](=O)[O-],Organique,17,77.407,76.3823,-1.0247,1.324,79.6554,+2.2484,2.905,b3lyp
methyl_isocyanate,CN=C=O,Organique,7,30.069,29.6030,-0.4660,1.550,28.9238,-1.1452,3.808,b3lyp
SiH2Cl2,Cl[SiH2]Cl,Organique,5,15.019,14.0018,-1.0172,6.773,15.5695,+0.5505,3.665,ptc
CH2F2,FCF,Organique,5,18.06,18.0401,-0.0199,0.110,18.7887,+0.7287,4.035,b3lyp
Phosgene,C(=O)(Cl)Cl,Organique,4,14.6654,14.2082,-0.4572,3.118,14.1651,-0.5003,3.412,b3lyp
3_4_Bis_methylene_cyclobutene,C=C1C=CC1=C,Organique,12,53.9888,53.4995,-0.4893,0.906,55.9239,+1.9351,3.584,b3lyp
SO2mol,O=S=O,Organique,3,11.03,8.1739,-2.8561,25.894,10.6317,-0.3983,3.611,ptc
Peroxyhypochlorous_acid,OOCl,Organique,4,8.5544,8.1546,-0.3998,4.673,8.8657,+0.3113,3.639,ptc
succinonitrile,C(CC#N)C#N,Organique,10,47.099,45.5474,-1.5516,3.294,45.1843,-1.9147,4.065,b3lyp
carbonyl_sulfide,C(=O)=S,Organique,3,14.318,13.2993,-1.0187,7.115,13.7846,-0.5334,3.725,ptc
Methoxymethyl,CO[CH2],Organique,8,28.3632,28.3951,+0.0319,0.112,29.4029,+1.0397,3.666,b3lyp
Tetrafluoromethane,C(F)(F)(F)F,Organique,5,20.1929,20.4700,+0.2771,1.372,20.9411,+0.7482,3.705,b3lyp
1_3_Butadien_2_ol,C=CC(=C)O,Organique,11,45.8781,45.6165,-0.2616,0.570,47.5689,+1.6908,3.685,b3lyp
11DFE,C=C(F)F,Organique,6,24.5,24.3079,-0.1921,0.784,25.4072,+0.9072,3.703,b3lyp
SiH3Br,[SiH3]Br,Inorganique,5,13.323,12.9948,-0.3282,2.464,13.8497,+0.5267,3.953,b3lyp
Chlorotrifluoromethane,C(F)(F)(F)Cl,Organique,5,18.3162,18.3095,-0.0067,0.037,17.6467,-0.6695,3.655,b3lyp
3_Butenyl,[CH2]CC=C,Organique,11,42.8536,42.7529,-0.1007,0.235,44.4696,+1.6160,3.771,b3lyp
Bromotrifluoromethane,C(F)(F)(F)Br,Organique,5,17.5556,17.7928,+0.2372,1.351,16.8983,-0.6573,3.744,b3lyp
MgCl2,Cl[Mg]Cl,Inorganique,3,8.185,7.1873,-0.9977,12.189,8.2806,+0.0956,1.168,ptc
dimethyl_phosphite,COP(=O)OC,Organique,13,49.069,47.5593,-1.5097,3.077,47.1905,-1.8785,3.828,b3lyp
SF2,FSF,Organique,3,7.47,6.9685,-0.5015,6.713,7.3044,-0.1656,2.217,ptc
Sulfurous_acid,OS(=O)O,Organique,6,20.1548,18.2656,-1.8892,9.373,19.3777,-0.7771,3.856,ptc
nitrobenzene,C1=CC=C(C=C1)[N+](=O)[O-],Organique,14,65.229,64.4522,-0.7768,1.191,66.5551,+1.3261,2.033,b3lyp
N2O,[N-]=[N+]=O,Organique,3,11.44,6.9457,-4.4943,39.286,11.8863,+0.4463,3.901,ptc
CBr2F2,FC(F)(Br)Br,Inorganique,5,15.393,15.2158,-0.1772,1.151,14.7942,-0.5988,3.890,b3lyp
nitrosobenzene,O=NC1=CC=CC=C1,Organique,13,61.169,60.3896,-0.7794,1.274,63.3691,+2.2001,3.597,b3lyp
Divinylacetylene,C=CC#CC=C,Organique,12,53.9183,53.6507,-0.2676,0.496,56.0415,+2.1232,3.938,b3lyp
Fulvene,C=C1C=CC=C1,Organique,12,55.2688,54.8815,-0.3873,0.701,57.4568,+2.1880,3.959,b3lyp
Carbon_suboxide,C(=C=O)=C=O,Organique,5,28.2157,27.7013,-0.5144,1.823,27.0873,-1.1284,3.999,b3lyp
pyrazine,c1cnccn1,Inorganique,10,46.516,45.9690,-0.5470,1.176,48.4311,+1.9151,4.117,b3lyp
vinylacetylene,C=CC#C,Organique,8,35.03,35.0953,+0.0653,0.186,36.4359,+1.4059,4.013,b3lyp
NCl3,ClN(Cl)Cl,Inorganique,4,6.287,5.6608,-0.6262,9.960,6.4250,+0.1380,2.194,ptc
KOH,[K]O,Inorganique,3,8.175,6.6840,-1.4910,18.239,7.8485,-0.3265,3.994,ptc
N2O4,O=[N+]([O-])[N+](=O)[O-],Organique,6,20.013,19.3465,-0.6665,3.330,20.6239,+0.6109,3.053,ptc
triethyl_phosphite,CCOP(OCC)OCC,Organique,25,98.358,95.1749,-3.1831,3.236,94.3622,-3.9958,4.063,b3lyp
propanac,CCC(=O)O,Organique,11,46.3,44.8075,-1.4925,3.224,44.4014,-1.8986,4.101,b3lyp
tetramethylsilane,C[Si](C)(C)C,Organique,17,63.903,62.2747,-1.6283,2.548,61.2611,-2.6419,4.134,b3lyp
BCl3,ClB(Cl)Cl,Organique,4,13.69,13.0177,-0.6723,4.911,14.2563,+0.5663,4.137,ptc
beta-propiolactone,O=C1CCO1,Inorganique,9,39.42,38.8011,-0.6189,1.570,37.7873,-1.6327,4.142,b3lyp
beta_propiolactone,C1CC(=O)O1,Organique,9,39.409,38.8011,-0.6079,1.543,37.7746,-1.6344,4.147,b3lyp
ethylene_carbonate,C1COC(=O)O1,Organique,10,45.142,43.5771,-1.5649,3.467,43.2692,-1.8728,4.149,b3lyp
Difluoromethane,C(F)F,Organique,5,18.0484,18.0399,-0.0085,0.047,18.8058,+0.7574,4.197,b3lyp
Nitrosomethane,CN=O,Organique,6,20.6887,20.6566,-0.0321,0.155,21.3180,+0.6293,3.042,b3lyp
Formaldoxime,C=NO,Organique,6,21.0014,21.0001,-0.0013,0.006,21.7887,+0.7873,3.749,b3lyp
glycolic_acid,C(C(=O)O)O,Organique,9,37.689,36.5667,-1.1223,2.978,36.0957,-1.5933,4.227,b3lyp
SCl2,ClSCl,Organique,3,5.569,4.6775,-0.8915,16.008,5.4107,-0.1583,2.842,ptc
AcOH,CC(O)=O,Organique,8,33.54,32.8323,-0.7077,2.110,32.1078,-1.4322,4.270,b3lyp
acetic_acid,CC(=O)O,Inorganique,8,33.544,32.8324,-0.7116,2.121,32.1078,-1.4362,4.282,b3lyp
SiF3H,F[SiH](F)F,Inorganique,5,19.658,20.7895,+1.1315,5.756,18.8160,-0.8420,4.283,ptc
1_1_Dichloroethene,C=C(Cl)Cl,Organique,6,21.6078,21.1395,-0.4683,2.167,22.5548,+0.9470,4.383,b3lyp
trans_Cycloheptene,C1CCC=CCC1,Organique,19,77.0111,77.8067,+0.7956,1.033,80.3479,+3.3368,4.333,b3lyp
Formyl_chloride,C(=O)Cl,Organique,4,15.2746,14.9941,-0.2805,1.837,14.6156,-0.6590,4.314,b3lyp
SiH3Cl,[SiH3]Cl,Organique,5,13.96,13.5036,-0.4564,3.269,14.5954,+0.6354,4.551,b3lyp
Oxiranyl,C1[CH]O1,Organique,6,22.2306,21.9903,-0.2403,1.081,23.2224,+0.9918,4.461,b3lyp
SOF2,FS(=O)F,Organique,4,12.738,11.6295,-1.1085,8.703,13.4503,+0.7123,5.592,ptc
Vinylidene_2143693,C=[C],Organique,4,14.9624,13.6859,-1.2765,8.531,14.2854,-0.6770,4.525,ptc
SiF4,F[Si](F)(F)F,Organique,5,24.59,23.3675,-1.2225,4.971,23.4682,-1.1218,4.562,ptc
Isocyanomethane,C[N+]#[C-],Organique,6,24.4351,24.3658,-0.0693,0.283,23.2575,-1.1776,4.819,b3lyp
SiOF2,F[Si](=O)F,Inorganique,4,18.692,16.5630,-2.1290,11.390,19.5512,+0.8592,4.597,ptc
pyridazine,c1ccnnc1,Inorganique,10,45.666,45.1589,-0.5071,1.110,48.4188,+2.7528,6.028,b3lyp
HOCN,OC#N,Organique,4,18.817,16.8191,-1.9979,10.618,17.8430,-0.9740,5.176,ptc
CFC113a,FC(F)(F)Cl,Organique,5,18.49,18.3095,-0.1805,0.976,17.6467,-0.8433,4.561,b3lyp
HCOOH,OC=O,Organique,5,21.29,20.5093,-0.7807,3.667,20.2970,-0.9930,4.664,b3lyp
MgBr,[Mg]Br,Inorganique,2,2.922,2.5036,-0.4184,14.318,2.7991,-0.1229,4.205,ptc
SiCl2,Cl[Si]Cl,Inorganique,3,8.988,8.1994,-0.7886,8.774,9.5372,+0.5492,6.110,ptc
LiH,[Li][H],Organique,2,2.429,2.3752,-0.0538,2.213,2.4366,+0.0076,0.311,ptc
trimethylsilane,C[SiH](C)C,Organique,14,51.231,49.9434,-1.2876,2.513,48.8079,-2.4231,4.730,b3lyp
oxalic_acid,C(=O)(C(=O)O)O,Organique,8,37.289,36.1646,-1.1244,3.015,35.5041,-1.7849,4.787,b3lyp
Isofulminic_acid,C#[N+][O-],Organique,4,14.6095,11.3140,-3.2955,22.557,15.0896,+0.4801,3.286,ptc
S2O,S=S=O,Inorganique,3,8.908,6.8918,-2.0162,22.634,9.3335,+0.4255,4.776,ptc
Cyanoacetylene,C#CC#N,Organique,5,25.3782,24.6508,-0.7274,2.866,26.4958,+1.1176,4.404,b3lyp
pyridine_N-oxide,[O-][n+]1ccccc1,Organique,12,54.85,53.9157,-0.9343,1.703,50.0926,-4.7574,8.673,b3lyp
AlF3,F[Al](F)F,Organique,4,18.29,16.5479,-1.7421,9.525,19.1769,+0.8869,4.849,ptc
HCOF,C(=O)F,Organique,4,17.12,16.7507,-0.3693,2.157,16.2908,-0.8292,4.844,b3lyp
Nitrosobenzene,C1=CC=C(C=C1)N=O,Organique,13,60.6239,60.3898,-0.2341,0.386,63.3692,+2.7453,4.528,b3lyp
indazole,c1ccc2[nH]ncc2c1,Organique,15,72.831,71.7251,-1.1059,1.518,66.6394,-6.1916,8.501,b3lyp
PF2Cl,FP(F)Cl,Inorganique,4,13.106,12.7323,-0.3737,2.851,13.7702,+0.6642,5.068,b3lyp
nitroethane,CC[N+](=O)[O-],Organique,10,37.277,36.7664,-0.5106,1.370,38.6889,+1.4119,3.788,b3lyp
Chloroallene,C=C=CCl,Organique,7,28.1922,27.9415,-0.2507,0.889,29.5901,+1.3979,4.959,b3lyp
1_1_Dibromoethene,C=C(Br)Br,Organique,6,20.2447,20.1483,-0.0964,0.476,21.2485,+1.0038,4.958,b3lyp
CBrF3,FC(F)(F)Br,Inorganique,5,17.775,17.7925,+0.0175,0.099,16.8983,-0.8767,4.932,b3lyp
Ethanimine,CC=N,Organique,8,30.241,30.1388,-0.1022,0.338,31.6009,+1.3599,4.497,b3lyp
COCl2,ClC(Cl)=O,Organique,4,14.793,14.2082,-0.5848,3.953,14.0780,-0.7150,4.833,b3lyp
NaH,[Na][H],Organique,2,1.97,1.8911,-0.0789,4.003,1.9886,+0.0186,0.944,ptc
trimethylborane,CB(C)C,Organique,13,49.957,48.4751,-1.4819,2.966,47.3881,-2.5689,5.142,b3lyp
cyanamide,NC#N,Organique,5,20.287,19.8839,-0.4031,1.987,20.9229,+0.6359,3.135,b3lyp
BCl2H,ClB(Cl),Inorganique,4,12.931,12.3473,-0.5837,4.514,13.6151,+0.6841,5.290,b3lyp
Si2H6,[SiH3][SiH3],Organique,8,22.08,21.4709,-0.6091,2.759,23.2323,+1.1523,5.219,b3lyp
SiF3Cl,F[Si](F)(F)Cl,Inorganique,5,21.113,21.3116,+0.1986,0.941,20.0091,-1.1039,5.228,b3lyp
1_2_4_Cyclohexatriene,C1C=CC=C=C1,Organique,12,53.3265,51.4144,-1.9121,3.586,56.1286,+2.8021,5.255,b3lyp
SiH3F,[SiH3]F,Organique,5,15.95,15.3787,-0.5713,3.582,15.1041,-0.8459,5.303,b3lyp
KH,[K][H],Organique,2,1.76,1.6743,-0.0857,4.872,1.7899,+0.0299,1.701,ptc
NH2F,NF,Inorganique,4,11.35,10.0738,-1.2762,11.244,10.5880,-0.7620,6.714,ptc
NH3,N,Organique,4,12.02,11.6770,-0.3430,2.854,11.1027,-0.9173,7.631,b3lyp
CO,[C-]#[O+],Organique,2,11.092,10.7521,-0.3399,3.065,10.4834,-0.6086,5.487,b3lyp
dimethyl_methylphosphonate,CP(=O)(OC)OC,Organique,16,62.663,60.1539,-2.5091,4.004,59.1590,-3.5040,5.592,b3lyp
"1,3,5-triazine",C1=NC=NC=N1,Organique,9,41.417,41.0883,-0.3287,0.794,38.7657,-2.6513,6.401,b3lyp
p_Benzyne,C1=C=CC=C=C1,Organique,10,46.9404,45.6569,-1.2835,2.734,49.6816,+2.7412,5.840,b3lyp
POCl3,ClP(Cl)(Cl)=O,Organique,5,14.78,13.4348,-1.3452,9.102,15.6762,+0.8962,6.063,ptc
MgCl,[Mg]Cl,Organique,2,3.24,2.9209,-0.3191,9.849,3.3235,+0.0835,2.576,ptc
1_Chloropropyne,CC#CCl,Organique,7,28.0875,27.6099,-0.4776,1.700,29.7738,+1.6863,6.004,b3lyp
trimethyl_borate,COB(OC)OC,Organique,16,66.651,63.0344,-3.6166,5.426,62.6548,-3.9962,5.996,b3lyp
Mg(OH)2,O[Mg]O,Inorganique,5,17.029,14.8977,-2.1313,12.516,16.0331,-0.9959,5.848,ptc
2_Cyclopropen_1_one,C1=CC1=O,Organique,6,27.4583,27.2213,-0.2370,0.863,25.7973,-1.6610,6.049,b3lyp
hexamethyldisiloxane,C[Si](C)(C)O[Si](C)(C)C,Organique,27,105.2,102.1235,-3.0765,2.924,98.7990,-6.4010,6.085,b3lyp
N2H2,N=N,Organique,4,11.12,11.8810,+0.7610,6.844,11.5764,+0.4564,4.104,ptc
Methylene,[CH2],Organique,3,7.408,5.6271,-1.7809,24.040,6.9422,-0.4658,6.287,ptc
3_Methylenecyclopropene,C=C1C=C1,Organique,8,34.345,33.9920,-0.3530,1.028,36.5156,+2.1706,6.320,b3lyp
Disulfene_oxide,O=S=S,Organique,3,8.7766,6.8919,-1.8847,21.474,9.3335,+0.5569,6.345,ptc
Li2O,[Li]O[Li],Inorganique,3,7.614,6.3998,-1.2142,15.947,8.1219,+0.5079,6.671,ptc
COF2b,C(=O)(F)F,Organique,4,18.28,17.5683,-0.7117,3.893,17.0878,-1.1922,6.522,b3lyp
Isocyanic_acid,C(=N)=O,Organique,4,18.2494,17.8088,-0.4406,2.414,16.8091,-1.4403,7.892,b3lyp
trimethyl_phosphite,COP(OC)OC,Organique,16,61.575,58.9378,-2.6372,4.283,57.4077,-4.1673,6.768,b3lyp
NHF2,FNF,Inorganique,4,10.69,9.0475,-1.6425,15.365,9.8923,-0.7977,7.462,ptc
Dioxyamidogen,[NH]O[O],Organique,4,9.6294,8.9793,-0.6501,6.752,8.7800,-0.8494,8.821,b3lyp
BFCl2,ClB(Cl)F,Inorganique,4,14.51,15.1253,+0.6153,4.240,15.5359,+1.0259,7.071,b3lyp
POF3,FP(F)(F)=O,Inorganique,5,21.328,19.1536,-2.1744,10.195,19.8202,-1.5078,7.069,ptc
PF5,FP(F)(F)(F)F,Organique,6,23.67,19.8191,-3.8509,16.269,21.9539,-1.7161,7.250,ptc
thiophene,c1ccsc1,Organique,9,39.56,39.4145,-0.1455,0.368,42.5236,+2.9636,7.492,b3lyp
H2O2,OO,Organique,4,11.09,10.4463,-0.6437,5.804,11.9127,+0.8227,7.418,b3lyp
HNCO,N=C=O,Organique,4,18.433,17.8088,-0.6242,3.386,16.8091,-1.6239,8.810,b3lyp
Ethenedione,C(=C=O)=O,Organique,4,19.7128,18.7430,-0.9698,4.920,21.2192,+1.5064,7.642,b3lyp
SiBr4,Br[Si](Br)(Br)Br,Inorganique,5,13.666,12.6899,-0.9761,7.142,14.9498,+1.2838,9.394,b3lyp
