name,smiles,cas,source,D_exp_eV,hfg_0K_kjmol,hfg_298K_kjmol,D_at_0K_eV,D_at_298K_eV,diff_0K_pct,diff_298K_pct,best_convention,best_diff_pct,status,reason
acetophenone,CC(=O)C1=CC=CC=C1,98-86-2,NIST,80.979,,,,,,,,,n/a,no_hfg_data
quinoline,c1ccc2ncccc2c1,91-22-5,NIST,85.488,,,,,,,,,n/a,cccbdb_defaulted
IF,FI,13873-84-2,HH,2.88,,-94.76,,2.9122,,1.116,298K,1.116,warn_1-2%,
oxazole,C1=COC=N1,288-42-6,NIST,36.704,-2.9,-15.5,36.2957,36.704,-1.112,,298K,,ok_<1%,
2-chlorotoluene,CC1=CC=CC=C1Cl,95-49-8,NIST,69.047,,,,,,,,,n/a,cccbdb_defaulted
DMSO,CS(=O)C,67-68-5,NIST,35.428,1.5,-150.5,33.5683,35.4271,-5.249,-0.002,298K,-0.002,ok_<1%,
tert-butylbenzene,CC(C)(C)c1ccccc1,98-06-6,NIST,106.149,,,,,,,,,n/a,cccbdb_defaulted
Acetyl_chloride,CC(=O)Cl,75-36-5,ATcT_0K,27.6716,-233.8,-242.8,27.6803,27.9901,0.032,1.151,0K,0.032,ok_<1%,
isobutyraldehyde,CC(C)C=O,78-84-2,NIST,52.606,1.55,-215.77,49.9384,52.6054,-5.071,-0.001,298K,-0.001,ok_<1%,
B2,[B]=[B],14452-61-0,HH,3.02,829.81,836.17,3.0076,3.0453,-0.41,0.839,0K,-0.41,ok_<1%,
methylhydrazine,CNN,60-34-4,NIST,31.18,,,,,,,,,n/a,cccbdb_defaulted
2-methylthiophene,CC1=CC=CS1,554-14-3,NIST,52.703,0.92,84.35,53.1288,52.6941,0.808,-0.017,298K,-0.017,ok_<1%,
2-methylthiophene,Cc1cccs1,554-14-3,NIST,54.963,0.92,84.35,53.1288,52.6941,-3.337,-4.128,0K,-3.337,fail_>2%,
SiS,[Si]#[S],,HH,6.39,,,,,,,,,n/a,no_cas
2-phenylethanol,OCCC1=CC=CC=C1,60-12-8,NIST,85.865,,,,,,,,,n/a,cccbdb_defaulted
CuCl,[Cu]Cl,7758-89-6,Luo2007,3.83,91.21,91.09,3.7914,3.81,-1.009,-0.522,298K,-0.522,ok_<1%,
cytosine,NC1=NC(=O)NC=C1,71-30-7,NIST,58.898,,,,,,,,,n/a,cccbdb_defaulted
pyrrolidine,C1CCNC1,123-75-1,NIST,55.66,0.92,-3.6,54.503,54.9823,-2.079,-1.218,298K,-1.218,warn_1-2%,
NO,[N]=O,,ATcT,6.5,,,,,,,,,n/a,no_cas
thiophenol,Sc1ccccc1,108-98-5,NIST,59.832,0.88,112.4,60.5002,59.8312,1.117,-0.001,298K,-0.001,ok_<1%,
NH,[N][H],,ATcT,3.47,,,,,,,,,n/a,no_cas
furfuryl_alcohol,OCC1=CC=CO1,98-00-0,NIST,58.056,,,,,,,,,n/a,cccbdb_defaulted
isoquinoline,c1ccc2ccncc2c1,119-65-3,NIST,85.445,,,,,,,,,n/a,cccbdb_defaulted
Methanediol,C(O)O,463-57-0,ATcT_0K,25.2706,,,,,,,,,n/a,no_hfg_data
Aziridine,C1CN1,151-56-4,ATcT_0K,29.3328,142.5,126.0,29.3375,29.7458,0.016,1.408,0K,0.016,ok_<1%,
cis_1_2_Dichloroethene,C(=C\Cl)\Cl,156-59-2,ATcT_0K,21.6646,2.0,-3.0,21.6788,21.92,0.066,1.179,0K,0.066,ok_<1%,
1_2_Dichloroethene,C(=CCl)Cl,540-59-0,ATcT_0K,21.6646,,,,,,,,,n/a,cccbdb_defaulted
MTBE,CC(C)(C)OC,1634-04-4,NIST,69.772,1.28,-283.17,66.2683,69.7694,-5.022,-0.004,298K,-0.004,ok_<1%,
LiF,[Li]F,7789-24-4,CCCBDB,5.97,-340.57,-340.79,5.9814,6.0058,0.192,0.599,0K,0.192,ok_<1%,
di-n-propyl_ether,CCCOCCC,111-43-3,NIST,81.818,2.0,-293.0,78.1099,81.8179,-4.532,,298K,,ok_<1%,
PS,[P]=S,,HH,4.5,,,,,,,,,n/a,no_cas
PO,[P]=O,,HH,5.69,,,,,,,,,n/a,no_cas
1-bromopropane,CCCBr,106-94-5,NIST,40.161,,-82.93,,40.1183,,-0.106,298K,-0.106,ok_<1%,
1-chloropropane,CCCCl,540-54-5,NIST,40.724,-111.2,-131.9,40.1784,40.7236,-1.34,-0.001,298K,-0.001,ok_<1%,
SiH,[Si][H],13774-94-2,HH,3.06,366.94,368.64,3.0584,3.1026,-0.051,1.393,0K,-0.051,ok_<1%,
propyne,CC#C,74-99-7,NIST,29.4,191.6,185.4,29.0832,29.3996,-1.077,-0.001,298K,-0.001,ok_<1%,
MTBE,COC(C)(C)C,1634-04-4,NIST,69.775,1.28,-283.17,66.2683,69.7694,-5.026,-0.008,298K,-0.008,ok_<1%,
C2H6,CC,74-84-0,ATcT,28.89,-68.38,-84.0,28.8848,29.2827,-0.018,1.359,0K,-0.018,ok_<1%,
2_Chloroethanol,C(CCl)O,107-07-3,ATcT_0K,32.3289,,,,,,,,,n/a,no_hfg_data
propanethiol,CCCS,107-03-9,NIST,43.93,0.63,-68.58,42.868,43.9422,-2.418,0.028,298K,0.028,ok_<1%,
Cl2,ClCl,7782-50-5,ATcT,2.51,,,2.4796,2.5144,-1.212,0.175,298K,0.175,ok_<1%,
2-pyrrolidone,O=C1CCCN1,616-45-5,NIST,55.445,3.05,-197.38,52.5612,55.0544,-5.201,-0.704,298K,-0.704,ok_<1%,
Ag2,[Ag][Ag],7230-74-2,HH,1.66,,,,,,,,,n/a,cccbdb_defaulted
butanal,CCCC=O,123-72-8,NIST,52.52,-185.66,-206.06,51.8787,52.5048,-1.221,-0.029,298K,-0.029,ok_<1%,
VF3,F[V](F)F,,JANAF,17.737,,,,,,,,,n/a,no_cas
nicotinic_acid,OC(=O)c1cccnc1,59-67-6,NIST,68.224,,,,,,,,,n/a,cccbdb_defaulted
isopropyl_mercaptan,CC(C)S,75-33-2,NIST,44.021,-52.9,-76.94,43.4228,44.0288,-1.359,0.018,298K,0.018,ok_<1%,
ClNO,ClN=O,2696-92-6,NIST,8.203,54.6,52.7,8.1096,8.1926,-1.139,-0.127,298K,-0.127,ok_<1%,
2-hexanone,CCCCC(=O)C,591-78-6,NIST,77.164,,,,,,,,,n/a,cccbdb_defaulted
MIBK,CC(C)CC(=O)C,108-10-1,NIST,77.235,,,,,,,,,n/a,cccbdb_defaulted
THP,C1CCOCC1,142-68-7,NIST,64.63,1.0,-223.84,61.7932,64.6357,-4.389,0.009,298K,0.009,ok_<1%,
N2,N#N,7727-37-9,ATcT,9.759,,,9.7546,9.798,-0.045,0.399,0K,-0.045,ok_<1%,
pinacol,CC(O)(C)C(O)(C)C,76-09-5,NIST,86.453,,,,,,,,,n/a,cccbdb_defaulted
1-butyne,CCC#C,107-00-6,NIST,41.556,178.9,165.2,41.0639,41.5556,-1.184,-0.001,298K,-0.001,ok_<1%,
PH,[P][H],,HH,2.95,,,,,,,,,n/a,no_cas
benzofuran,C1=CC=C2C(=C1)C=CO2,271-89-6,NIST,75.601,,,,,,,,,n/a,cccbdb_defaulted
succinimide,O=C1CCC(=O)N1,123-56-8,NIST,54.965,,,,,,,,,n/a,cccbdb_defaulted
SO3mol,O=S(=O)=O,7446-11-9,NIST,14.31,-390.16,-395.9,14.5681,14.7236,1.804,2.89,0K,1.804,warn_1-2%,
thioanisole,CSC1=CC=CC=C1,100-68-5,NIST,72.383,,,,,,,,,n/a,cccbdb_defaulted
1PeOH,CCCCCO,71-41-0,NIST,69.89,-260.4,-295.63,68.9805,69.8986,-1.301,0.012,298K,0.012,ok_<1%,
isopropylamine,CC(C)N,75-31-0,NIST,48.385,-56.9,-83.7,47.7313,48.3846,-1.351,-0.001,298K,-0.001,ok_<1%,
NaF,[Na]F,7681-49-4,CCCBDB,4.91,-288.82,-290.45,4.9082,4.9472,-0.036,0.757,0K,-0.036,ok_<1%,
Benzoyl_fluoride,C1=CC=C(C=C1)C(=O)F,455-32-3,ATcT_0K,69.1569,,,,,,,,,n/a,cccbdb_defaulted
cyclohexanone,O=C1CCCCC1,108-94-1,NIST,72.555,0.88,-231.1,69.1654,72.1388,-4.672,-0.574,298K,-0.574,ok_<1%,
butane,CCCC,106-97-8,NIST,53.61,-98.53,-125.79,52.8954,53.6091,-1.333,-0.002,298K,-0.002,ok_<1%,
trans_1_2_Dichloroethene,C(=C/Cl)\Cl,,ATcT_0K,21.6457,,,,,,,,,n/a,no_cas
1-hexanol,CCCCCCO,111-27-3,NIST,82.056,,,,,,,,,n/a,cccbdb_defaulted
sulfolane,C1CCS(=O)(=O)C1,126-33-0,NIST,60.711,,,,,,,,,n/a,no_hfg_data
isobutan,CC(C)C,75-28-5,NIST,53.7,-106.4,-135.0,52.977,53.7045,-1.346,0.008,298K,0.008,ok_<1%,
fluorobenzene,C1=CC=C(C=C1)F,462-06-6,NIST,57.888,,,,,,,,,n/a,fetch_err:TimeoutError
H2,[H][H],1333-74-0,ATcT,4.478,,,4.4781,4.5188,0.002,0.911,0K,0.002,ok_<1%,
N-methylpiperidine,CN1CCCCC1,626-67-5,NIST,80.131,,,,,,,,,n/a,cccbdb_defaulted
phenyl_isocyanate,O=C=NC1=CC=CC=C1,103-71-9,NIST,71.344,,,,,,,,,n/a,cccbdb_defaulted
CO2,O=C=O,124-38-9,ATcT,16.56,,,,,,,,,n/a,fetch_err:TimeoutError
dimethyl_sulfone,CS(=O)(=O)C,67-71-0,NIST,40.317,,,,,,,,,n/a,fetch_err:TimeoutError
BeCl2,Cl[Be]Cl,7787-47-5,CCCBDB,9.55,-362.49,-361.54,9.5593,9.6195,0.097,0.728,0K,0.097,ok_<1%,
2-furaldehyde,O=Cc1ccco1,98-01-1,NIST,52.907,,,,,,,,,n/a,cccbdb_defaulted
CHCl3,C(Cl)(Cl)Cl,67-66-3,NIST,14.53,-97.95,-102.7,14.3445,14.5233,-1.276,-0.046,298K,-0.046,ok_<1%,
EtBr,CCBr,74-96-4,NIST,27.88,2.1,-63.6,27.1376,27.9713,-2.663,0.327,298K,0.327,ok_<1%,
Benzoyl_chloride,C1=CC=C(C=C1)C(=O)Cl,98-88-4,ATcT_0K,67.5394,,,,,,,,,n/a,fetch_err:TimeoutError
thiophene_2_carboxaldehyde,O=CC1=CC=CS1,98-03-3,NIST,51.726,,,,,,,,,n/a,cccbdb_defaulted
indane,C1Cc2ccccc2C1,496-11-7,NIST,88.816,,,,,,,,,n/a,fetch_err:TimeoutError
diisopropyl_ether,CC(C)OC(C)C,108-20-3,NIST,82.09,,,,,,,,,n/a,cccbdb_defaulted
benzyl_chloride,ClCC1=CC=CC=C1,100-44-7,NIST,69.037,,,,,,,,,n/a,cccbdb_defaulted
EtNH2,CCN,75-04-7,NIST,36.06,-26.7,-47.5,35.5692,36.0627,-1.361,0.008,298K,0.008,ok_<1%,
xylene_m,CC1=CC(=CC=C1)C,108-38-3,NIST,81.838,,,,,,,,,n/a,fetch_err:TimeoutError
xylene_p,CC1=CC=C(C=C1)C,106-42-3,NIST,81.831,1.0,17.9,81.3477,81.8313,-0.591,,298K,,ok_<1%,
2_Bromoethanol,C(CBr)O,540-51-2,ATcT_0K,31.694,,,,,,,,,n/a,cccbdb_defaulted
Carbon_dioxide_124389,C(=O)=O,124-38-9,ATcT_0K,16.5642,-393.14,-393.51,16.5623,16.6714,-0.012,0.647,0K,-0.012,ok_<1%,
imidazole,c1cnc[nH]1,288-32-4,NIST,39.742,0.6,132.9,40.8175,39.7417,2.706,-0.001,298K,-0.001,ok_<1%,
HFC_152a,CC(F)F,75-37-6,NIST,30.69,-487.0,-500.8,30.3468,30.7291,-1.118,0.128,298K,0.128,ok_<1%,
2-methyltetrahydrofuran,CC1CCCO1,96-47-9,NIST,64.653,,,,,,,,,n/a,cccbdb_defaulted
2-bromopropane,CC(Br)C,75-26-3,NIST,40.289,,,,,,,,,n/a,no_hfg_data
methyl_isopropyl_ketone,CC(C)C(=O)C,563-80-4,NIST,65.038,0.87,-262.57,61.7945,65.0371,-4.987,-0.001,298K,-0.001,ok_<1%,
2-methylbutane,CCC(C)C,78-78-4,NIST,65.845,-119.7,-153.7,64.9638,65.845,-1.338,,298K,,ok_<1%,
pentane,CCCCC,109-66-0,NIST,65.77,,,,,,,,,n/a,fetch_err:TimeoutError
THF,C1CCOC1,109-99-9,NIST,52.28,,,,,,,,,n/a,no_hfg_data
"1,1-dichloroethane",CC(Cl)Cl,75-34-3,NIST,27.731,-119.8,-132.5,27.4193,27.7809,-1.124,0.18,298K,0.18,ok_<1%,
isopent,CC(C)CC,78-78-4,NIST,65.84,-119.7,-153.7,64.9638,65.845,-1.331,0.008,298K,0.008,ok_<1%,
LiBr,[Li]Br,7550-35-8,JANAF,4.34,,-153.97,,4.4063,,1.527,298K,1.527,warn_1-2%,
AgCl,[Ag]Cl,7783-90-6,Luo2007,3.24,,,,,,,,,n/a,cccbdb_defaulted
cresol_m,CC1=CC(=CC=C1)O,108-39-4,NIST,74.024,,,,,,,,,n/a,cccbdb_defaulted
phenyl_methanol,C1=CC=C(C=C1)CO,100-51-6,NIST,73.694,,,,,,,,,n/a,cccbdb_defaulted
xylene_o,CC1=CC=CC=C1C,95-47-6,NIST,81.819,,,,,,,,,n/a,fetch_err:TimeoutError
2pentanon,CC(=O)CCC,107-87-9,NIST,65.0,1.07,-259.05,61.7924,65.0007,-4.935,0.001,298K,0.001,ok_<1%,
mesitylene,CC1=CC(=CC(=C1)C)C,108-67-8,NIST,94.131,,,,,,,,,n/a,cccbdb_defaulted
Ethyl,C[CH2],2025-56-1,ATcT_0K,24.5794,131.8,120.9,24.5711,24.8996,-0.034,1.303,0K,-0.034,ok_<1%,
morpholine,C1COCCN1,110-91-8,NIST,59.232,,,,,,,,,n/a,cccbdb_defaulted
"1,2,4-triazole",C1=NNC=N1,288-88-0,NIST,35.201,0.8,192.7,36.0827,34.3337,2.505,-2.464,298K,-2.464,fail_>2%,
N-methylpyrrole,Cn1cccc1,96-54-8,NIST,59.045,,,,,,,,,n/a,fetch_err:TimeoutError
benzene,c1ccccc1,71-43-2,NIST,56.42,100.4,82.93,56.6194,57.264,0.353,1.496,0K,0.353,ok_<1%,
3-methylthiophene,Cc1ccsc1,616-44-4,NIST,54.973,0.92,82.59,53.1288,52.7123,-3.355,-4.112,0K,-3.355,fail_>2%,
CH3SH,CS,74-93-1,NIST,19.58,-11.88,-22.84,19.2996,19.5748,-1.432,-0.027,298K,-0.027,ok_<1%,
CuH,[Cu][H],13517-00-5,HH,2.64,,,,,,,,,n/a,no_hfg_data
FeI2,I[Fe]I,,Gurvich,5.823,,,,,,,,,n/a,no_cas
cresol_o,CC1=CC=CC=C1O,95-48-7,NIST,73.986,,,,,,,,,n/a,cccbdb_defaulted
TiBr2,Br[Ti]Br,13783-04-5,JANAF,8.848,,,,,,,,,n/a,cccbdb_defaulted
HSO3F,OS(=O)(=O)F,7789-21-1,JANAF,21.507,8.4,-753.12,13.4771,21.508,-37.336,0.005,298K,0.005,ok_<1%,
urea,NC(=O)N,57-13-6,NIST,31.287,-220.7,-237.1,30.9275,31.3033,-1.149,0.052,298K,0.052,ok_<1%,
H2O,O,7732-18-5,ATcT,9.511,-238.9,-241.81,9.5125,9.6075,0.015,1.015,0K,0.015,ok_<1%,
neopent,CC(C)(C)C,463-82-1,NIST,65.99,-135.0,-167.9,65.1224,65.9922,-1.315,0.003,298K,0.003,ok_<1%,
3-pentanone,CCC(=O)CC,96-22-0,NIST,64.998,0.9,-253.4,61.7942,64.9421,-4.929,-0.086,298K,-0.086,ok_<1%,
VinylF,FC=C,75-02-5,NIST,23.9,-132.22,-140.1,23.6301,23.9086,-1.129,0.036,298K,0.036,ok_<1%,
Li2,[Li][Li],14452-59-6,ATcT,1.046,215.49,215.9,1.0687,1.0644,2.166,1.76,298K,1.76,warn_1-2%,
p-diethylbenzene,CCc1ccc(CC)cc1,105-05-5,NIST,106.142,,,,,,,,,n/a,cccbdb_defaulted
PN,[P]#N,17739-47-8,HH,6.39,172.48,171.49,6.3695,6.4019,-0.321,0.186,298K,0.186,ok_<1%,
1-chlorobutane,CCCCCl,109-69-3,NIST,52.906,,,,,,,,,n/a,fetch_err:TimeoutError
Iodine_monochloride,ClI,7790-99-0,ATcT_0K,2.1491,,17.51,,2.183,,1.579,298K,1.579,warn_1-2%,
VF5,[V](F)(F)(F)(F)F,,JANAF,24.29,,,,,,,,,n/a,no_cas
2-chloropropane,CC(Cl)C,75-29-6,NIST,40.858,-124.3,-144.8,40.3142,40.8573,-1.331,-0.002,298K,-0.002,ok_<1%,
Methyl_nitrite,CON=O,624-91-9,ATcT_0K,24.6271,0.84,-65.44,24.0734,24.9484,-2.248,1.305,298K,1.305,warn_1-2%,
"N,N-diethylformamide",CCN(CC)C=O,617-84-5,NIST,71.951,,,,,,,,,n/a,cccbdb_defaulted
Diazirine,C1N=N1,157-22-2,ATcT_0K,18.2849,,,,,,,,,n/a,no_hfg_data
chlorobenzene,C1=CC=C(C=C1)Cl,108-90-7,NIST,56.583,,54.42,,56.5573,,-0.045,298K,-0.045,ok_<1%,
CrF6,F[Cr](F)(F)(F)(F)F,13843-28-2,Gurvich,23.35,,,,,,,,,n/a,cccbdb_defaulted
CHClF,ClCF,593-70-4,NIST,16.73,,-261.92,,16.7412,,0.067,298K,0.067,ok_<1%,
cyclohexanol,OC1CCCCC1,108-93-0,NIST,77.229,,,,,,,,,n/a,fetch_err:TimeoutError
DIPK,CC(C)C(=O)C(C)C,565-80-0,NIST,89.436,,,,,,,,,n/a,cccbdb_defaulted
CHF3,C(F)(F)F,75-46-7,ATcT,19.52,,,,,,,,,n/a,fetch_err:TimeoutError
diethyl_sulfide,CCSCC,352-93-2,NIST,56.044,2.3,-83.5,54.6997,56.0434,-2.399,-0.001,298K,-0.001,ok_<1%,
LiI,[Li]I,10377-51-2,JANAF,3.54,,,,,,,,,n/a,fetch_err:TimeoutError
toluene,Cc1ccccc1,108-88-3,NIST,68.69,0.63,50.0,69.5025,69.552,1.183,1.255,0K,1.183,warn_1-2%,
Hypoiodous_acid,OI,14332-21-9,ATcT_0K,6.4646,,,,,,,,,n/a,no_hfg_data
ICl,Cl[I],7790-99-0,NIST-derived,2.15,,17.51,,2.183,,1.537,298K,1.537,warn_1-2%,
TiO,[Ti]=O,12137-20-1,JANAF,6.87,,54.39,,6.9212,,0.745,298K,0.745,ok_<1%,
ethylbenzene,CCC1=CC=CC=C1,100-41-4,NIST,81.708,0.84,29.8,81.3494,81.708,-0.439,,298K,,ok_<1%,
CN,[C]#[N],,ATcT,7.72,,,,,,,,,n/a,no_cas
SiCl,[Si]Cl,,HH,4.02,,,,,,,,,n/a,no_cas
"N,N-dimethylacetamide",CC(=O)N(C)C,127-19-5,NIST,59.86,,,,,,,,,n/a,cccbdb_defaulted
BeF,[Be]F,,JANAF,5.85,,,,,,,,,n/a,no_cas
benzaldehyde,C1=CC=C(C=C1)C=O,100-52-7,NIST,68.515,0.92,-37.2,67.5798,68.5195,-1.365,0.007,298K,0.007,ok_<1%,
allene,C=C=C,463-49-0,NIST,29.35,198.4,190.9,29.0128,29.3426,-1.149,-0.025,298K,-0.025,ok_<1%,
ethyl_propyl_ether,CCCOCC,628-32-0,NIST,69.654,1.24,-272.17,66.2687,69.6554,-4.86,0.002,298K,0.002,ok_<1%,
cresol_p,CC1=CC=C(C=C1)O,106-44-5,NIST,73.953,,,,,,,,,n/a,cccbdb_defaulted
cyclohexanol,C1CCC(CC1)O,108-93-0,NIST,77.229,,,,,,,,,n/a,cccbdb_defaulted
2-pentanol,CCCC(C)O,6032-29-7,NIST,70.099,1.1,-313.8,66.2702,70.0869,-5.462,-0.017,298K,-0.017,ok_<1%,
1-bromobutane,CCCCBr,109-65-9,NIST,52.316,,,,,,,,,n/a,cccbdb_defaulted
N-methylpyrrolidine,CN1CCCC1,120-94-5,NIST,67.499,,,,,,,,,n/a,cccbdb_defaulted
2-methyl-2-butanol,CCC(C)(C)O,75-85-4,NIST,70.25,,,,,,,,,n/a,cccbdb_defaulted
1-amino-2-propanol,CC(O)CN,78-96-6,NIST,52.463,,,,,,,,,n/a,cccbdb_defaulted
Isocyanoacetylene,C#C[N+]#[C-],66723-45-3,ATcT_0K,24.2115,,,,,,,,,n/a,cccbdb_defaulted
CuO,[Cu]=O,163686-95-1,CRC,2.75,,,,,,,,,n/a,cccbdb_defaulted
Bromochloromethane,C(Cl)Br,74-97-5,ATcT_0K,14.5438,7.0,-20.7,14.2385,14.5778,-2.099,0.234,298K,0.234,ok_<1%,
thiophene_blind,C1=CSC=C1,110-02-1,NIST,40.43,127.18,114.9,39.9712,40.4308,-1.135,0.002,298K,0.002,ok_<1%,
piperazine,C1CNCCN1,110-85-0,NIST,62.155,,,,,,,,,n/a,cccbdb_defaulted
propylbenzene,CCCc1ccccc1,103-65-1,NIST,93.882,0.84,7.82,93.1984,93.8824,-0.728,,298K,,ok_<1%,
bromobenzene,C1=CC=C(C=C1)Br,108-86-1,NIST,55.931,4.2,105.4,56.5997,55.9312,1.196,,298K,,ok_<1%,
propanal,CCC=O,123-38-6,NIST,40.35,-170.6,-186.0,39.8736,40.3503,-1.181,0.001,298K,0.001,ok_<1%,
BrCl,ClBr,13863-41-7,ATcT_0K,2.173,22.23,14.79,2.2316,2.2634,2.698,4.158,0K,2.698,fail_>2%,
sec-butylamine,CCC(C)N,13952-84-6,NIST,60.548,1.67,-106.27,58.9733,60.5651,-2.601,0.028,298K,0.028,ok_<1%,
3-acetylpyridine,CC(=O)c1cccnc1,350-03-8,NIST,75.978,,,,,,,,,n/a,cccbdb_defaulted
resorcinol,OC1=CC(=CC=C1)O,108-46-3,NIST,66.149,,,,,,,,,n/a,cccbdb_defaulted
4-acetylpyridine,CC(=O)c1ccncc1,1122-54-9,NIST,75.982,,,,,,,,,n/a,cccbdb_defaulted
NMP,CN1CCCC1=O,872-50-4,NIST,67.671,,,,,,,,,n/a,cccbdb_defaulted
indane,C1CC2=CC=CC=C2C1,496-11-7,NIST,89.326,,,,,,,,,n/a,cccbdb_defaulted
AlCl,[Al]Cl,13595-81-8,JANAF,5.13,-51.65,-51.46,5.1673,5.2108,0.728,1.574,0K,0.728,ok_<1%,
iPrOH,CC(C)O,67-63-0,NIST,45.05,-248.6,-272.7,45.1601,45.7676,0.244,1.593,0K,0.244,ok_<1%,
Hypofluorous_acid,OF,14034-79-8,ATcT_0K,6.4728,-94.0,-96.9,6.5723,6.669,1.537,3.031,0K,1.537,warn_1-2%,
"2,5-dimethylfuran",Cc1ccc(C)o1,625-86-5,NIST,66.305,,,,,,,,,n/a,cccbdb_defaulted
2-methylfuran,CC1=CC=CO1,534-22-5,NIST,53.924,,,,,,,,,n/a,no_hfg_data
4-fluorotoluene,CC1=CC=C(F)C=C1,352-32-9,NIST,70.403,,,,,,,,,n/a,cccbdb_defaulted
ScF,[Sc]F,,CRC,5.99,,,,,,,,,n/a,no_cas
Cu2,[Cu][Cu],,Gong2014,1.886,,,,,,,,,n/a,no_cas
I2,II,7553-56-2,ATcT,1.542,65.5,62.42,1.5425,1.5677,0.032,1.667,0K,0.032,ok_<1%,
methyl_propyl_sulfide,CCCSC,3877-15-4,NIST,56.031,,,,,,,,,n/a,cccbdb_defaulted
anisole,COc1ccccc1,100-66-3,NIST,73.357,,,,,,,,,n/a,fetch_err:TimeoutError
CFCl3,FC(Cl)(Cl)Cl,75-69-4,NIST,14.81,-281.83,-285.0,14.8119,14.976,0.013,1.121,0K,0.013,ok_<1%,
n-butylamine,CCCCN,109-73-9,NIST,60.416,1.67,-94.98,58.9733,60.4481,-2.388,0.053,298K,0.053,ok_<1%,
methyl_propyl_ether,CCCOC,557-17-5,NIST,57.355,0.85,-238.02,54.4238,57.3548,-5.111,,298K,,ok_<1%,
barbituric_acid,O=C1CC(=O)NC(=O)N1,67-52-7,NIST,61.892,,,,,,,,,n/a,cccbdb_defaulted
DMSO,CS(C)=O,67-68-5,NIST,35.29,1.5,-150.5,33.5683,35.4271,-4.879,0.389,298K,0.389,ok_<1%,
pentanal,CCCCC=O,110-62-3,NIST,64.66,5.1,-229.3,61.7507,64.6923,-4.499,0.05,298K,0.05,ok_<1%,
cumene,CC(C)c1ccccc1,98-82-8,NIST,94.004,,,,,,,,,n/a,cccbdb_defaulted
propionamide,CCC(=O)N,79-05-0,NIST,48.224,0.66,-258.94,45.215,48.2646,-6.24,0.084,298K,0.084,ok_<1%,
BeO,[Be]=O,1304-56-9,HH,4.54,134.0,136.4,4.4923,4.5269,-1.05,-0.288,298K,-0.288,ok_<1%,
BeH,[Be][H],,HH,2.034,,,,,,,,,n/a,no_cas
2-methylpentane,CCCC(C)C,107-83-5,NIST,78.011,-135.3,-174.6,76.9746,78.0083,-1.329,-0.004,298K,-0.004,ok_<1%,
phenylacetylene,C#CC1=CC=CC=C1,536-74-3,NIST,69.802,1.7,306.6,72.3843,69.8016,3.699,-0.001,298K,-0.001,ok_<1%,
PCl,[P]Cl,,HH,3.19,,,,,,,,,n/a,no_cas
piperidine,C1CCNCC1,110-89-4,NIST,67.67,0.63,-47.15,66.355,67.3803,-1.943,-0.428,298K,-0.428,ok_<1%,
hexane,CCCCCC,110-54-3,NIST,77.93,-130.1,-166.9,76.9207,77.9284,-1.295,-0.002,298K,-0.002,ok_<1%,
N-methylmorpholine,CN1CCOCC1,109-02-4,NIST,71.464,,,,,,,,,n/a,cccbdb_defaulted
SF,[S]F,,HH,3.36,,,,,,,,,n/a,no_cas
Chlorodifluoromethane,C(F)(F)Cl,75-45-6,ATcT_0K,17.3838,,-481.58,,17.5811,,1.135,298K,1.135,warn_1-2%,
CH4,C,74-82-8,ATcT,17.04,-66.63,-74.6,17.0177,17.2386,-0.131,1.165,0K,-0.131,ok_<1%,
3-methylpentane,CCC(C)CC,96-14-0,NIST,77.983,-132.5,-172.0,76.9455,77.9813,-1.33,-0.002,298K,-0.002,ok_<1%,
1-pentyne,CCCC#C,627-19-0,NIST,53.719,2.1,144.3,54.7453,53.7189,1.911,,298K,,ok_<1%,
"1,2-dichloropropane",CC(CCl)Cl,78-87-5,NIST,40.05,1.21,-162.8,38.0141,40.0416,-5.083,-0.021,298K,-0.021,ok_<1%,
"1,2-dichloroethane",C(CCl)Cl,107-06-2,NIST,27.753,-120.1,-132.0,27.4224,27.7758,-1.191,0.082,298K,0.082,ok_<1%,
"1,2-dichloroethane",ClCCCl,107-06-2,NIST,27.753,-120.1,-132.0,27.4224,27.7758,-1.191,0.082,298K,0.082,ok_<1%,
CHF3,FC(F)F,75-46-7,NIST,19.341,-689.74,-696.7,19.1606,19.3762,-0.933,0.182,298K,0.182,ok_<1%,
indene,C1=Cc2ccccc2C1,95-13-6,NIST,83.233,2.3,161.2,84.2271,83.2552,1.194,0.027,298K,0.027,ok_<1%,
CF3Me,CC(F)(F)F,420-46-2,NIST,31.54,3.18,-748.69,23.8281,31.8617,-24.451,1.02,298K,1.02,warn_1-2%,
acetal,CCOC(OCC)C,105-57-7,NIST,86.028,,,,,,,,,n/a,cccbdb_defaulted
NS,[N]=S,,HH,4.85,,,,,,,,,n/a,no_cas
tert-butylamine,CC(C)(C)N,75-64-9,NIST,60.717,-87.05,-120.7,59.8928,60.7147,-1.357,-0.004,298K,-0.004,ok_<1%,
allyl_alcohol,OCC=C,107-18-6,NIST,39.713,1.46,-123.64,38.0903,39.7039,-4.086,-0.023,298K,-0.023,ok_<1%,
NF3,FN(F)F,7783-54-2,ATcT,8.59,,,,,,,,,n/a,fetch_err:TimeoutError
isoxazole,C1=NOC=C1,288-14-2,NIST,35.729,91.3,78.6,35.3194,35.7287,-1.146,-0.001,298K,-0.001,ok_<1%,
2-ethylhexanol,CCCCC(CC)CO,104-76-7,NIST,106.46,,,,,,,,,n/a,cccbdb_defaulted
allyl_alcohol,C=CCO,107-18-6,NIST,39.713,1.46,-123.64,38.0903,39.7039,-4.086,-0.023,298K,-0.023,ok_<1%,
"2,2-dimethylbutane",CCC(C)(C)C,75-83-2,NIST,78.126,-143.5,-184.0,77.0595,78.1057,-1.365,-0.026,298K,-0.026,ok_<1%,
BrF,FBr,13863-59-7,JANAF,2.55,-51.2,-58.85,2.5535,2.5921,0.139,1.651,0K,0.139,ok_<1%,
CH3F,CF,593-53-3,ATcT,18.1,-246.97,-255.0,17.4484,17.6716,-3.6,-2.367,298K,-2.367,fail_>2%,
mesityl_oxide,CC(=CC(=O)C)C,141-79-7,NIST,71.625,,,,,,,,,n/a,cccbdb_defaulted
cumene,CC(C)C1=CC=CC=C1,98-82-8,NIST,93.922,,,,,,,,,n/a,cccbdb_defaulted
diacetyl,CC(=O)C(=O)C,431-03-8,NIST,51.804,,-326.77,,51.8197,,0.03,298K,0.03,ok_<1%,
Dihydrogen,[HH],1333-74-0,ATcT_0K,4.4634,,,4.4781,4.5188,0.329,1.241,0K,0.329,ok_<1%,
methyl_salicylate,COC(=O)C1=CC=CC=C1O,119-36-8,NIST,89.77,,,,,,,,,n/a,cccbdb_defaulted
C2F6,FC(F)(F)C(F)(F)F,76-16-4,NIST,33.722,-1335.6,-1343.9,33.3884,33.7206,-0.989,-0.004,298K,-0.004,ok_<1%,
diisopropylamine,CC(C)NC(C)C,108-18-9,NIST,84.852,,,,,,,,,n/a,cccbdb_defaulted
2-acetylpyridine,CC(=O)c1ccccn1,1122-62-9,NIST,75.92,,,,,,,,,n/a,cccbdb_defaulted
1-butanol,CCCCO,71-36-3,NIST,57.734,-244.4,-274.6,56.9656,57.734,-1.331,,298K,,ok_<1%,
diglyme,COCCOC,110-71-4,NIST,60.99,0.7,-342.8,56.9837,61.0234,-6.569,0.055,298K,0.055,ok_<1%,
BF2H,FB(F),13709-83-6,JANAF,16.176,-736.0,-739.62,17.2724,17.4263,6.778,7.729,0K,6.778,fail_>2%,
pyrazine,C1=CN=CC=N1,290-37-9,NIST,46.515,1.51,196.06,48.179,46.515,3.577,,298K,,ok_<1%,
23DMbut,CC(C)C(C)C,79-29-8,NIST,78.03,1.0,-177.8,75.5619,78.0414,-3.163,0.015,298K,0.015,ok_<1%,
cyclopentanol,OC1CCCC1,96-41-3,NIST,64.824,1.67,-242.59,61.7862,64.8301,-4.686,0.009,298K,0.009,ok_<1%,
CP,[C]=[P],,HH,5.33,,,,,,,,,n/a,no_cas
catechol,C1=CC=C(C(=C1)O)O,120-80-9,NIST,66.114,,,,,,,,,n/a,cccbdb_defaulted
ScO,[Sc]=O,,CRC,6.96,,,,,,,,,n/a,no_cas
cyclohexanone,C1CCC(=O)CC1,108-94-1,NIST,72.087,0.88,-231.1,69.1654,72.1388,-4.053,0.072,298K,0.072,ok_<1%,
VF2,F[V]F,,JANAF,12.945,,,,,,,,,n/a,no_cas
OCl,[O]Cl,,HH,2.75,,,,,,,,,n/a,no_cas
ClO,[Cl][O],,HH,2.75,,,,,,,,,n/a,no_cas
benzonitrile,C1=CC=C(C=C1)C#N,100-47-0,NIST,65.956,,219.0,,65.9212,,-0.053,298K,-0.053,ok_<1%,
triethylamine,CCN(CC)CC,121-44-8,NIST,84.315,,-134.1,,84.7469,,0.512,298K,0.512,ok_<1%,
phenol,Oc1ccccc1,108-95-2,NIST,60.83,0.59,-96.36,60.2122,61.7048,-1.016,1.438,0K,-1.016,warn_1-2%,
CH3CHO,CC=O,75-07-0,ATcT,28.02,-160.2,-170.7,27.9168,28.245,-0.368,0.803,0K,-0.368,ok_<1%,
isobutanol,CC(C)CO,78-83-1,NIST,57.83,0.9,-283.8,54.4232,57.8293,-5.891,-0.001,298K,-0.001,ok_<1%,
delta_valerolactone,O=C1CCCCO1,542-28-9,NIST,64.349,,,,,,,,,n/a,cccbdb_defaulted
BH,[B][H],,HH,3.42,,,,,,,,,n/a,no_cas
hydroquinone,C1=CC(=CC=C1O)O,123-31-9,NIST,66.039,,,,,,,,,n/a,cccbdb_defaulted
Fluorotrichloromethane,C(F)(Cl)(Cl)Cl,75-69-4,ATcT_0K,14.83,-281.83,-285.0,14.8119,14.976,-0.122,0.984,0K,-0.122,ok_<1%,
"1,2,3-trimethylbenzene",Cc1cccc(C)c1C,526-73-8,NIST,94.062,,,,,,,,,n/a,cccbdb_defaulted
styrene_oxide,C1(CO1)C2=CC=CC=C2,96-09-3,NIST,79.843,,,,,,,,,n/a,cccbdb_defaulted
EtSH,CCS,75-08-1,NIST,31.76,-29.2,-46.0,31.3281,31.7615,-1.36,0.005,298K,0.005,ok_<1%,
cis_1_2_Dibromoethene,C(=C\Br)\Br,590-11-4,ATcT_0K,20.2872,,,,,,,,,n/a,no_hfg_data
1_2_Dibromoethene,C(=CBr)Br,540-49-8,ATcT_0K,20.2872,,,,,,,,,n/a,cccbdb_defaulted
Nitrous_acid,N(=O)O,7782-77-6,ATcT_0K,12.9725,-72.8,-78.94,12.9876,13.1417,0.116,1.304,0K,0.116,ok_<1%,
furan,c1ccoc1,110-00-9,NIST,41.09,,,,,,,,,n/a,fetch_err:TimeoutError
pyrimidine,C1=CN=CN=C1,289-95-2,NIST,46.518,1.38,195.94,48.1803,46.5162,3.574,-0.004,298K,-0.004,ok_<1%,
trans_1_2_Dibromoethene,C(=C/Br)\Br,,ATcT_0K,20.2851,,,,,,,,,n/a,no_cas
"1,2-dibromoethane",BrCCBr,106-93-4,NIST,26.616,,,,,,,,,n/a,no_hfg_data
NOBr,BrN=O,13444-87-6,JANAF,7.791,,82.13,,7.7898,,-0.016,298K,-0.016,ok_<1%,
diallyl_sulfide,C=CCSCC=C,592-88-1,Pedley1986,69.34,,,,,,,,,n/a,cccbdb_defaulted
biphenyl,C1=CC=C(C=C1)C2=CC=CC=C2,92-52-4,NIST,109.842,0.7,182.0,110.8347,109.842,0.904,,298K,,ok_<1%,
anisole,COC1=CC=CC=C1,100-66-3,NIST,73.357,0.92,-76.69,72.0579,73.4476,-1.771,0.123,298K,0.123,ok_<1%,
MeCN,CC#N,75-05-8,NIST,25.77,71.5,64.4,25.5953,25.8654,-0.678,0.37,298K,0.37,ok_<1%,
Br2,BrBr,7726-95-6,ATcT,1.971,,,,,,,,,n/a,fetch_err:TimeoutError
Au2,[Au][Au],,Morse2019,2.29,,,,,,,,,n/a,no_cas
"1,2,4-trimethylbenzene",Cc1ccc(C)c(C)c1,95-63-6,NIST,94.107,,,,,,,,,n/a,cccbdb_defaulted
propane,CCC,74-98-6,NIST,41.44,-82.4,-104.7,40.8792,41.4439,-1.353,0.009,298K,0.009,ok_<1%,
SiO,[Si]#[O],10097-28-6,ATcT,8.26,,,,,,,,,n/a,smiles_parse_failed
NaI,[Na]I,7681-82-5,JANAF,3.04,,,,,,,,,n/a,no_hfg_data
S2,[S]=[S],23550-45-0,ATcT,4.369,128.29,128.6,4.3691,4.4125,0.001,0.995,0K,0.001,ok_<1%,
Difluorobromomethane,C(F)(F)Br,1511-62-2,ATcT_0K,16.6348,0.9,-425.3,12.4242,16.9001,-25.312,1.595,298K,1.595,warn_1-2%,
hexanal,CCCCCC=O,66-25-1,NIST,76.83,5.8,-249.8,73.5925,76.8514,-4.214,0.028,298K,0.028,ok_<1%,
heptane,CCCCCCC,142-82-5,NIST,90.09,0.79,-187.8,87.4131,90.0917,-2.971,0.002,298K,0.002,ok_<1%,
spiropentane,C1CC11CC1,157-40-4,NIST,53.295,,185.2,,53.295,,,298K,,ok_<1%,
"2,4-dimethylpentane",CC(C)CC(C)C,108-08-7,NIST,90.236,,,,,,,,,n/a,cccbdb_defaulted
2-butene_trans,CC=CC,107-01-7,NIST,47.903,,,,,,,,,n/a,cccbdb_defaulted
"1,1,1-trifluoroacetone",CC(=O)C(F)(F)F,421-50-1,NIST,42.632,,,,,,,,,n/a,cccbdb_defaulted
2-methylhexane,CCCCC(C)C,591-76-4,NIST,90.162,1.3,-195.0,87.4078,90.1663,-3.055,0.005,298K,0.005,ok_<1%,
C2H2,C#C,74-86-2,ATcT,17.07,227.96,227.4,16.8574,17.0177,-1.246,-0.307,298K,-0.307,ok_<1%,
cyclopentanone,O=C1CCCC1,120-92-3,NIST,59.788,-165.8,-192.1,59.0439,59.788,-1.245,,298K,,ok_<1%,
"1,3,5-trimethylbenzene",Cc1cc(C)cc(C)c1,108-67-8,NIST,94.131,,,,,,,,,n/a,cccbdb_defaulted
CHFCl2,FC(Cl)Cl,75-43-4,NIST,15.977,,-283.26,,15.9601,,-0.105,298K,-0.105,ok_<1%,
ethylbenzene,CCc1ccccc1,100-41-4,NIST,81.708,0.84,29.8,81.3494,81.708,-0.439,,298K,,ok_<1%,
3-methylhexane,CCCC(C)CC,589-34-4,NIST,90.128,1.3,-192.3,87.4078,90.1383,-3.018,0.011,298K,0.011,ok_<1%,
glyoxylic_acid,OC(=O)C=O,298-12-4,NIST,32.025,,,,,,,,,n/a,no_hfg_data
chloroform,ClC(Cl)Cl,67-66-3,NIST,14.527,-97.95,-102.7,14.3445,14.5233,-1.256,-0.026,298K,-0.026,ok_<1%,
MEK,CC(=O)CC,78-93-3,NIST,52.84,-217.1,-238.6,52.2046,52.8421,-1.203,0.004,298K,0.004,ok_<1%,
"1,4-dioxane",C1COCCO1,123-91-1,NIST,56.22,0.8,-315.3,52.5046,56.2196,-6.609,-0.001,298K,-0.001,ok_<1%,
C2,[C]#[C],,Bao2021,6.248,,,,,,,,,n/a,no_cas
EtCl,CCCl,75-00-3,NIST,28.57,-97.7,-112.3,28.1895,28.5738,-1.332,0.013,298K,0.013,ok_<1%,
ClF,FCl,7790-89-8,JANAF,2.62,-50.2,-50.29,2.5607,2.6011,-2.262,-0.72,298K,-0.72,ok_<1%,
LiCl,[Li]Cl,7447-41-8,CCCBDB,4.9,-195.57,-195.72,4.9178,4.9367,0.362,0.749,0K,0.362,ok_<1%,
HOCl,ClO,7790-92-3,ATcT,6.871,-71.5,-74.5,6.7782,6.8713,-1.35,0.004,298K,0.004,ok_<1%,
NF,[N]F,,HH,3.47,,,,,,,,,n/a,no_cas
2-butanone,CCC(=O)C,78-93-3,NIST,52.846,-217.1,-238.6,52.2046,52.8421,-1.214,-0.007,298K,-0.007,ok_<1%,
3-cyanopyridine,N#Cc1cccnc1,100-54-9,NIST,60.523,,,,,,,,,n/a,cccbdb_defaulted
3-ethylpentane,CCC(CC)CC,617-78-7,NIST,90.11,,,,,,,,,n/a,fetch_err:TimeoutError
naphthalene,c1ccc2ccccc2c1,91-20-3,NIST,89.15,,,,,,,,,n/a,fetch_err:TimeoutError
diethyl_sulfoxide,CCS(=O)CC,70-29-1,NIST,59.885,1.67,-205.23,57.2646,59.8877,-4.376,0.004,298K,0.004,ok_<1%,
furfural,O=CC1=CC=CO1,98-01-1,NIST,52.907,,,,,,,,,n/a,cccbdb_defaulted
THT,C1CCSC1,110-01-0,NIST,50.83,-8.3,-34.1,50.3315,51.0127,-0.981,0.359,298K,0.359,ok_<1%,
Hydrogen_fluoride,F,7664-39-3,ATcT_0K,5.8661,-273.25,-273.3,5.8717,5.9147,0.096,0.828,0K,0.096,ok_<1%,
"2,3-dimethylpentane",CC(C)C(C)CC,565-59-3,NIST,90.157,,,,,,,,,n/a,cccbdb_defaulted
Et2O,CCOCC,60-29-7,NIST,57.5,-223.4,-250.8,56.7479,57.4873,-1.308,-0.022,298K,-0.022,ok_<1%,
"3,3-dimethylpentane",CCC(C)(C)CC,562-49-2,NIST,90.231,,,,,,,,,n/a,cccbdb_defaulted
O2,O=O,7782-44-7,ATcT,5.116,,,5.1167,5.1651,0.014,0.96,0K,0.014,ok_<1%,
SOBr2,BrS(Br)=O,507-16-4,Gurvich,8.707,,,,,,,,,n/a,cccbdb_defaulted
2-butanol,CCC(O)C,78-92-2,NIST,57.922,,,,,,,,,n/a,cccbdb_defaulted
dimethyl_disulfide,CSSC,624-92-0,NIST,34.408,2.3,-24.1,33.851,34.4072,-1.619,-0.002,298K,-0.002,ok_<1%,
N-methylformamide,CNC=O,123-39-7,NIST,35.614,,,,,,,,,n/a,no_hfg_data
2-butanol,CCC(C)O,78-92-2,NIST,57.923,,,,,,,,,n/a,cccbdb_defaulted
Tetrachloromethane,C(Cl)(Cl)(Cl)Cl,56-23-5,ATcT_0K,13.2588,-93.35,-95.6,13.2976,13.4475,0.293,1.423,0K,0.293,ok_<1%,
"1,2-epoxybutane",CCC1CO1,106-88-7,NIST,51.323,,,,,,,,,n/a,cccbdb_defaulted
BS,[B]#[S],,HH,5.8,,,,,,,,,n/a,no_cas
2-methylfuran,Cc1ccco1,534-22-5,NIST,54.07,,,,,,,,,n/a,no_hfg_data
anthracene,C1=CC2=CC3=CC=CC=C3C=C2C=C1,120-12-7,NIST,124.191,8.0,221.0,125.5009,124.2935,1.055,0.083,298K,0.083,ok_<1%,
BeF2,F[Be]F,7787-49-7,CCCBDB,13.17,,,,,,,,,n/a,fetch_err:TimeoutError
diethylamine,CCNCC,109-89-7,NIST,60.74,,,,,,,,,n/a,no_hfg_data
2-methyl-2-butene,CC=C(C)C,513-35-9,NIST,60.166,-13.4,-40.8,59.3841,60.1561,-1.3,-0.016,298K,-0.016,ok_<1%,
Dibromofluorochloromethane,C(F)(Cl)(Br)Br,353-55-9,ATcT_0K,13.4937,,,,,,,,,n/a,no_hfg_data
BN,[B]=[N],,CRC/Luo,3.9,,,,,,,,,n/a,no_cas
Dibromomethane,C(Br)Br,74-95-3,ATcT_0K,13.8914,31.0,10.0,13.9722,14.1619,0.582,1.947,0K,0.582,ok_<1%,
HF,[H]F,7664-39-3,ATcT,5.869,-273.25,-273.3,5.8717,5.9147,0.047,0.778,0K,0.047,ok_<1%,
acetylacetone,CC(=O)CC(=O)C,123-54-6,NIST,64.327,,-384.4,,64.3636,,0.057,298K,0.057,ok_<1%,
tBuOH,CC(C)(C)O,75-65-0,NIST,58.13,-282.2,-312.4,57.3574,58.1257,-1.329,-0.007,298K,-0.007,ok_<1%,
fluorene,C1=CC=C2C(=C1)CC3=CC=CC=C32,86-73-7,NIST,117.312,3.1,176.7,118.1808,117.3248,0.741,0.011,298K,0.011,ok_<1%,
TMP,CP(C)C,594-09-2,NIST,46.01,,,,,,,,,n/a,no_hfg_data
octane,CCCCCCCC,111-65-9,NIST,102.25,0.67,-208.4,99.2634,102.2519,-2.921,0.002,298K,0.002,ok_<1%,
Dichloromethane,C(Cl)Cl,75-09-2,ATcT_0K,15.2319,-88.15,-95.0,15.2422,15.4456,0.068,1.403,0K,0.068,ok_<1%,
o-xylene,Cc1ccccc1C,95-47-6,NIST,81.819,,,,,,,,,n/a,cccbdb_defaulted
CrO,[Cr]=O,196696-65-8,CRC,4.649,,,,,,,,,n/a,cccbdb_defaulted
"2,2,3-trimethylbutane",CC(C)C(C)(C)C,464-06-2,NIST,90.264,,,,,,,,,n/a,fetch_err:TimeoutError
CoO,[Co]=O,791121-04-5,CRC,3.94,,,,,,,,,n/a,cccbdb_defaulted
cHex,C1CCCCC1,110-82-7,NIST,72.96,-83.8,-123.14,71.9627,72.9561,-1.367,-0.005,298K,-0.005,ok_<1%,
4-cyanopyridine,N#Cc1ccncc1,100-48-1,NIST,60.465,,,,,,,,,n/a,cccbdb_defaulted
Tribromofluoromethane,C(F)(Br)(Br)Br,353-54-8,ATcT_0K,12.6796,,,,,,,,,n/a,no_hfg_data
p-xylene,Cc1ccc(C)cc1,106-42-3,NIST,81.831,1.0,17.9,81.3477,81.8313,-0.591,,298K,,ok_<1%,
Bromotrichloromethane,C(Cl)(Cl)(Cl)Br,75-62-7,ATcT_0K,12.5603,1.0,-42.0,12.3022,12.7942,-2.055,1.862,298K,1.862,warn_1-2%,
valeronitrile,CCCCC#N,110-59-8,NIST,62.269,,11.09,,62.2579,,-0.018,298K,-0.018,ok_<1%,
m-xylene,Cc1cccc(C)c1,108-38-3,NIST,81.839,,,,,,,,,n/a,fetch_err:TimeoutError
m-cresol,Cc1cccc(O)c1,108-39-4,NIST,74.024,,,,,,,,,n/a,cccbdb_defaulted
benzaldehyde,O=Cc1ccccc1,100-52-7,NIST,68.52,0.92,-37.2,67.5798,68.5195,-1.372,-0.001,298K,-0.001,ok_<1%,
di-n-butylamine,CCCCNCCCC,111-92-2,NIST,108.874,,,,,,,,,n/a,cccbdb_defaulted
thioanisole,CSc1ccccc1,100-68-5,NIST,72.207,,,,,,,,,n/a,cccbdb_defaulted
isobuten,C=C(C)C,115-11-7,NIST,47.96,4.0,-17.8,47.3547,47.9711,-1.262,0.023,298K,0.023,ok_<1%,
Si2,[Si]=[Si],12597-35-2,HH,3.21,580.0,583.86,3.2337,3.2766,0.737,2.074,0K,0.737,ok_<1%,
EtSMe,CCSC,624-89-5,NIST,43.85,1.1,-60.3,42.8631,43.8563,-2.251,0.014,298K,0.014,ok_<1%,
ethanolamine,NCCO,141-43-5,NIST,40.216,,,,,,,,,n/a,no_hfg_data
Cr2,[Cr][Cr],,Casey1993,1.53,,,,,,,,,n/a,no_cas
isooctane,CC(C)CC(C)(C)C,85404-20-2,NIST,102.5,,,,,,,,,n/a,cccbdb_defaulted
crotonaldehyde,CC=CC=O,4170-30-3,NIST,46.915,2.4,-109.7,45.4516,46.9873,-3.119,0.154,298K,0.154,ok_<1%,
"1,1,1-trichloroethane",CC(Cl)(Cl)Cl,71-55-6,NIST,26.902,-131.9,-144.6,26.5454,26.9042,-1.325,0.008,298K,0.008,ok_<1%,
ScCl,[Sc]Cl,,CRC,4.62,,,,,,,,,n/a,no_cas
"2,3-dimethylhexane",CCC(C)C(C)CC,583-48-2,NIST,102.309,,,,,,,,,n/a,cccbdb_defaulted
thioacetone,CC(=S)C,4756-05-2,NIST,38.96,,,,,,,,,n/a,no_hfg_data
methylcyclohexane,CC1CCCCC1,108-87-2,NIST,85.23,,,,,,,,,n/a,cccbdb_defaulted
2-cyanopyridine,N#Cc1ccccn1,100-70-9,NIST,60.494,,,,,,,,,n/a,cccbdb_defaulted
"1,2-dichlorobenzene",C1=CC=C(C(=C1)Cl)Cl,95-50-1,NIST,55.806,,33.0,,55.7771,,-0.052,298K,-0.052,ok_<1%,
EtOMe,CCOC,540-67-0,NIST,45.18,-193.6,-216.5,44.5901,45.1851,-1.306,0.011,298K,0.011,ok_<1%,
"3,3-dimethylhexane",CCC(C)(C)CCC,563-16-6,NIST,102.372,,,,,,,,,n/a,cccbdb_defaulted
thiazole,C1=CSC=N1,288-47-1,NIST,35.511,,,,,,,,,n/a,no_hfg_data
acetaldehyde_dimethyl_acetal,CC(OC)OC,534-15-6,NIST,61.51,0.79,-389.74,56.9827,61.5099,-7.36,,298K,,ok_<1%,
bromobenzene,Brc1ccccc1,108-86-1,NIST,55.931,4.2,105.4,56.5997,55.9312,1.196,,298K,,ok_<1%,
iodoethane,CCI,75-03-6,NIST,27.343,,,,,,,,,n/a,fetch_err:TimeoutError
"1,3-butanediol",CC(O)CCO,107-88-0,NIST,61.959,2.93,-433.04,56.9606,61.9586,-8.067,-0.001,298K,-0.001,ok_<1%,
vinyl_acetate,CC(=O)OC=C,108-05-4,NIST,52.052,,,,,,,,,n/a,cccbdb_defaulted
"2,6-dimethylpyridine",Cc1cccc(C)n1,108-48-5,NIST,76.623,,,,,,,,,n/a,cccbdb_defaulted
CBr4,BrC(Br)(Br)Br,558-13-4,NIST,10.88,150.0,120.0,10.7053,10.822,-1.606,-0.533,298K,-0.533,ok_<1%,
"2,4-dimethylhexane",CC(C)CCC(C)C,592-13-2,NIST,102.295,,,,,,,,,n/a,cccbdb_defaulted
TiCl4,[Ti](Cl)(Cl)(Cl)Cl,7550-45-0,JANAF,17.84,3.0,-763.2,9.7682,17.8411,-45.246,0.006,298K,0.006,ok_<1%,
"1,4-butanediol",OCCCCO,110-63-4,NIST,61.893,2.51,-426.77,56.9649,61.8937,-7.962,0.001,298K,0.001,ok_<1%,
nonane,CCCCCCCCC,111-84-2,NIST,114.4,,-228.3,,114.4047,,0.004,298K,0.004,ok_<1%,
ZnF2,F[Zn]F,573640-07-0,JANAF,8.53,,,,,,,,,n/a,fetch_err:TimeoutError
cis-2-pentene,CCC=CC,109-68-2,NIST,60.012,,,,,,,,,n/a,cccbdb_defaulted
"2,3-dimethyl-2-butene",CC(=C(C)C)C,563-79-1,NIST,72.386,1.51,-70.29,71.0786,72.4084,-1.806,0.031,298K,0.031,ok_<1%,
2butyne,CC#CC,503-17-3,NIST,41.44,159.0,145.2,41.2701,41.7629,-0.41,0.779,0K,-0.41,ok_<1%,
AlO,[Al]=O,14457-64-8,HH,5.27,66.99,66.9,5.2563,5.3094,-0.26,0.748,0K,-0.26,ok_<1%,
propene,CC=C,115-07-1,NIST,35.63,34.7,19.7,35.1875,35.6358,-1.242,0.016,298K,0.016,ok_<1%,
methyl_methacrylate,COC(=O)C(=C)C,80-62-6,NIST,64.028,,,,,,,,,n/a,cccbdb_defaulted
FeCl2,Cl[Fe]Cl,7758-94-3,JANAF,8.29,,,,,,,,,n/a,cccbdb_defaulted
isoxazole,c1conc1,288-14-2,NIST,35.729,91.3,78.6,35.3194,35.7287,-1.146,-0.001,298K,-0.001,ok_<1%,
TiF2,F[Ti]F,13814-20-5,JANAF,13.678,,,,,,,,,n/a,cccbdb_defaulted
AlCl2,Cl[Al]Cl,,JANAF,8.837,,,,,,,,,n/a,no_cas
biphenyl,c1ccc(-c2ccccc2)cc1,92-52-4,NIST,109.843,0.7,182.0,110.8347,109.842,0.903,-0.001,298K,-0.001,ok_<1%,
decane,CCCCCCCCCC,124-18-5,NIST,126.62,1.1,-249.7,122.957,126.5732,-2.893,-0.037,298K,-0.037,ok_<1%,
methyl_vinyl_ketone,C=CC(=O)C,78-94-4,NIST,46.887,,,,,,,,,n/a,cccbdb_defaulted
TiH,[Ti][H],,3dMLBE20,2.08,,,,,,,,,n/a,no_cas
acetophenone,CC(=O)c1ccccc1,98-86-2,NIST,80.98,,,,,,,,,n/a,no_hfg_data
1-iodopropane,CCCI,107-08-4,NIST,39.517,,,,,,,,,n/a,cccbdb_defaulted
ethyl_acrylate,CCOC(=O)C=C,140-88-5,NIST,64.049,,,,,,,,,n/a,cccbdb_defaulted
pyrazole,C1=CNN=C1,288-13-1,NIST,40.027,0.8,179.4,40.8154,39.2598,1.97,-1.917,298K,-1.917,warn_1-2%,
CH3I,CI,74-88-4,NIST,15.1,0.8,15.5,15.1905,15.1527,0.599,0.349,298K,0.349,ok_<1%,
ethylene_oxide,C1CO1,75-21-8,NIST,26.95,-40.12,-52.63,26.6722,27.0213,-1.031,0.265,298K,0.265,ok_<1%,
MgO,[Mg]=O,1309-48-4,HH,3.53,151.0,151.4,2.4921,2.538,-29.401,-28.102,298K,-28.102,fail_>2%,
"1,1,2-trichloroethane",ClCC(Cl)Cl,79-00-5,NIST,26.877,4.0,-148.0,25.1369,26.9394,-6.474,0.232,298K,0.232,ok_<1%,
CH2Br2,BrCBr,74-95-3,NIST,14.09,31.0,10.0,13.9722,14.1619,-0.836,0.51,298K,0.51,ok_<1%,
aniline,Nc1ccccc1,62-53-3,NIST,63.91,0.88,87.03,64.7672,64.3799,1.341,0.735,298K,0.735,ok_<1%,
2-methyl-1-butene,CCC(=C)C,563-46-2,NIST,60.098,-8.2,-34.9,59.3302,60.0949,-1.278,-0.005,298K,-0.005,ok_<1%,
crotonic_acid,CC=CC(=O)O,503-64-0,NIST,51.967,,,,,,,,,n/a,cccbdb_defaulted
CH2Cl2,ClCCl,75-09-2,NIST,15.45,-88.15,-95.0,15.2422,15.4456,-1.345,-0.028,298K,-0.028,ok_<1%,
DMF,CN(C)C=O,68-12-2,NIST,47.84,3.3,-191.6,45.1876,47.5667,-5.544,-0.571,298K,-0.571,ok_<1%,
KF,[K]F,7789-23-3,ATcT,5.144,,-326.77,,5.1319,,-0.236,298K,-0.236,ok_<1%,
acetone,CC(C)=O,67-64-1,NIST,40.57,-200.5,-217.1,40.1835,40.6726,-0.953,0.253,298K,0.253,ok_<1%,
Na2,[Na][Na],25681-79-2,HH,0.735,144.59,142.07,0.7297,0.7559,-0.715,2.839,0K,-0.715,ok_<1%,
MgF2,F[Mg]F,7783-40-6,JANAF,10.85,-734.29,-735.5,10.7105,10.7929,-1.286,-0.526,298K,-0.526,ok_<1%,
chlorobenzene,Clc1ccccc1,108-90-7,NIST,56.583,,54.42,,56.5573,,-0.045,298K,-0.045,ok_<1%,
formamide,C(=O)N,75-12-7,NIST,23.615,,-186.0,,23.6153,,0.001,298K,0.001,ok_<1%,
Dichlorofluorobromomethane,C(F)(Cl)(Cl)Br,353-58-2,ATcT_0K,14.1793,,,,,,,,,n/a,no_hfg_data
BCl,[B]Cl,20583-55-5,HH,5.17,169.53,172.57,5.2867,5.3244,2.258,2.987,0K,2.258,fail_>2%,
CS,[C]#[S],,HH,7.36,,,,,,,,,n/a,no_cas
diethyl_disulfide,CCSSCC,110-81-6,NIST,58.827,,,,,,,,,n/a,cccbdb_defaulted
HBr,[H]Br,10035-10-6,ATcT,3.76,-28.44,-36.29,3.756,3.795,-0.106,0.93,0K,-0.106,ok_<1%,
gamma-butyrolactone,O=C1CCCO1,96-48-0,NIST,52.216,0.8,-366.5,48.0265,52.2314,-8.023,0.03,298K,0.03,ok_<1%,
methyl_benzoate,COC(=O)C1=CC=CC=C1,93-58-3,NIST,85.647,,,,,,,,,n/a,cccbdb_defaulted
formamid,NC=O,75-12-7,NIST,23.62,,-186.0,,23.6153,,-0.02,298K,-0.02,ok_<1%,
acrylN,C=CC#N,107-13-1,NIST,32.04,187.2,180.6,31.7671,32.089,-0.852,0.153,298K,0.153,ok_<1%,
N-ethylaniline,CCNC1=CC=CC=C1,103-69-5,NIST,88.605,,,,,,,,,n/a,cccbdb_defaulted
1butene,C=CCC,106-98-9,NIST,47.79,20.4,-0.5,47.1847,47.7918,-1.267,0.004,298K,0.004,ok_<1%,
SiCl4,Cl[Si](Cl)(Cl)Cl,10026-04-7,NIST-derived,16.5,-660.08,-662.2,16.4228,16.5559,-0.468,0.339,298K,0.339,ok_<1%,
OH,[O][H],,ATcT,4.392,,,,,,,,,n/a,no_cas
undecane,CCCCCCCCCCC,1120-21-4,NIST,138.734,,,,,,,,,n/a,cccbdb_defaulted
2-ethylpyridine,CCc1ccccn1,100-71-0,NIST,76.448,,,,,,,,,n/a,cccbdb_defaulted
Hydrogen_bromide,Br,10035-10-6,ATcT_0K,3.6871,-28.44,-36.29,3.756,3.795,1.87,2.925,0K,1.87,warn_1-2%,
cyclohexylamine,NC1CCCCC1,108-91-8,NIST,79.917,,,,,,,,,n/a,no_hfg_data
butyl_acetate,CCCCOC(=O)C,123-86-4,NIST,81.875,,,,,,,,,n/a,cccbdb_defaulted
"2-methyl-1,3-propanediol",OCC(C)CO,2163-42-0,NIST,62.043,,,,,,,,,n/a,cccbdb_defaulted
1-PrOH,CCCO,71-23-8,NIST,45.59,-231.3,-255.2,44.9808,45.5862,-1.336,-0.008,298K,-0.008,ok_<1%,
Mn2O3_frag,O=[Mn]O[Mn]=O,1317-34-6,Gurvich,18.956,,,,,,,,,n/a,cccbdb_defaulted
HOBr,BrO,13517-11-8,ATcT,6.582,-47.7,1.8,6.514,5.9828,-1.033,-9.104,0K,-1.033,warn_1-2%,
acenaphthene,C1CC2=CC=CC3=C2C1=CC=C3,83-32-9,NIST,110.112,,,,,,,,,n/a,cccbdb_defaulted
gamma-butyrolactone,C1CC(=O)OC1,96-48-0,NIST,52.216,0.8,-366.5,48.0265,52.2314,-8.023,0.03,298K,0.03,ok_<1%,
SiH4,[SiH4],7803-62-5,ATcT,12.94,43.92,34.7,13.1234,13.3418,1.417,3.105,0K,1.417,warn_1-2%,
2-methylpyridine,Cc1ccccn1,109-06-8,NIST,64.254,,-26.5,,65.5566,,2.027,298K,2.027,fail_>2%,
caprolactam,C1CCC(=O)NCC1,105-60-2,NIST,79.182,,,,,,,,,n/a,cccbdb_defaulted
Fluorochlorobromomethane,C(F)(Cl)Br,593-98-6,ATcT_0K,15.0749,,,,,,,,,n/a,no_hfg_data
Cyclopropanone,C1CC1=O,5009-27-8,ATcT_0K,33.3172,4.2,16.0,33.5839,33.7379,0.8,1.263,0K,0.8,ok_<1%,
pyruvic_acid,CC(=O)C(=O)O,127-17-3,NIST,43.049,,,,,,,,,n/a,cccbdb_defaulted
NMA2,CC(=O)NC,79-16-3,NIST,48.15,,,,,,,,,n/a,cccbdb_defaulted
trimethylacetic_acid,CC(C)(C)C(=O)O,75-98-9,NIST,69.99,,,,,,,,,n/a,cccbdb_defaulted
thiophenol,C1=CC=C(C=C1)S,108-98-5,NIST,59.843,0.88,112.4,60.5002,59.8312,1.098,-0.02,298K,-0.02,ok_<1%,
4-methylpyridine,Cc1ccncc1,108-89-4,NIST,64.203,,,,,,,,,n/a,cccbdb_defaulted
dodecane,CCCCCCCCCCCC,112-40-3,NIST,150.894,,,,,,,,,n/a,cccbdb_defaulted
SCl,[S]Cl,,HH,2.68,,,,,,,,,n/a,no_cas
HCFC_141b,CC(F)(Cl)Cl,1717-00-6,NIST,28.484,,,,,,,,,n/a,no_hfg_data
Trimethylsilyl,C[Si](C)C,16571-41-8,ATcT_0K,46.4011,,,,,,,,,n/a,cccbdb_defaulted
tetrahydrofurfuryl_alcohol,OCC1CCCO1,97-99-4,NIST,69.414,,,,,,,,,n/a,cccbdb_defaulted
dimethoxymethane,COCOC,109-87-5,NIST,49.136,0.79,-348.2,45.1337,49.1327,-8.145,-0.007,298K,-0.007,ok_<1%,
CrF2,F[Cr]F,10049-10-2,JANAF,11.36,,,,,,,,,n/a,cccbdb_defaulted
methylcycloheptane,CC1CCCCCC1,4126-78-7,NIST,97.178,,,,,,,,,n/a,cccbdb_defaulted
3-methyl-1-butene,CC(C)C=C,563-45-1,NIST,60.019,,,,,,,,,n/a,cccbdb_defaulted
3-methylpyridine,Cc1cccnc1,108-99-6,NIST,64.18,,,,,,,,,n/a,cccbdb_defaulted
Dichlorodibromomethane,C(Cl)(Cl)(Br)Br,594-18-3,ATcT_0K,11.8866,,,,,,,,,n/a,no_hfg_data
VH,[V][H],,3dMLBE20,2.13,,,,,,,,,n/a,no_cas
acrylamide,C=CC(=O)N,79-06-1,NIST,42.382,1.7,-130.2,40.7261,42.4115,-3.907,0.07,298K,0.07,ok_<1%,
VO,[V]=O,12035-98-2,JANAF,6.545,,127.6,,6.5894,,0.678,298K,0.678,ok_<1%,
1penten,C=CCCC,109-67-1,NIST,59.95,1.3,-22.3,59.2317,59.9643,-1.198,0.024,298K,0.024,ok_<1%,
p-chlorotoluene,Cc1ccc(Cl)cc1,106-43-4,NIST,69.143,,,,,,,,,n/a,cccbdb_defaulted
1-pentene,CCCC=C,109-67-1,NIST,59.954,1.3,-22.3,59.2317,59.9643,-1.205,0.017,298K,0.017,ok_<1%,
ScH,[Sc][H],,3dMLBE20,2.06,,,,,,,,,n/a,no_cas
methylcyclopentane,CC1CCCC1,96-37-7,NIST,72.781,0.84,-106.69,71.0855,72.7856,-2.33,0.006,298K,0.006,ok_<1%,
EtF,CCF,353-36-6,NIST,29.7,,,,,,,,,n/a,no_hfg_data
IBr,Br[I],7789-33-5,HH,1.817,,40.88,,1.8431,,1.435,298K,1.435,warn_1-2%,
cycloheptane,C1CCCCCC1,291-64-5,NIST,84.851,,,,,,,,,n/a,no_hfg_data
cC4H8,C1CCC1,287-23-0,NIST,47.49,53.0,28.4,46.8468,47.4922,-1.354,0.005,298K,0.005,ok_<1%,
"N,N-dimethylaniline",CN(C)C1=CC=CC=C1,121-69-7,NIST,88.134,,,,,,,,,n/a,cccbdb_defaulted
ethyl_vinyl_ether,CCOC=C,109-92-2,NIST,51.822,0.96,-140.16,49.9445,51.8218,-3.623,,298K,,ok_<1%,
benzoic_acid,C1=CC=C(C=C1)C(=O)O,65-85-0,NIST,73.764,,,,,,,,,n/a,no_hfg_data
quinazoline,c1ccc2ncncc2c1,253-82-7,NIST,80.258,,,,,,,,,n/a,cccbdb_defaulted
2_Cyclopropen_1_imine,C1=CC1=N,31589-17-0,ATcT_0K,29.5484,,,,,,,,,n/a,cccbdb_defaulted
POBr3,BrP(Br)(Br)=O,7789-59-5,Gurvich,13.083,,,,,,,,,n/a,cccbdb_defaulted
quinoxaline,c1ccc2nccnc2c1,91-19-0,NIST,80.287,,,,,,,,,n/a,cccbdb_defaulted
thioformaldehyde,C=S,865-36-1,NIST,14.694,118.41,114.7,13.4711,13.6305,-8.322,-7.237,298K,-7.237,fail_>2%,
Bromodichloromethane,C(Cl)(Cl)Br,75-27-4,ATcT_0K,13.614,-38.2,-50.1,13.7077,13.8803,0.688,1.956,0K,0.688,ok_<1%,
Nitric_acid,[N+](=O)(O)[O-],7697-37-2,ATcT_0K,16.0815,-124.2,-133.91,16.0787,16.294,-0.018,1.321,0K,-0.018,ok_<1%,
Benzene,C1=CC=CC=C1,71-43-2,ATcT_0K,56.6295,100.4,82.93,56.6194,57.264,-0.018,1.12,0K,-0.018,ok_<1%,
acetone,CC(=O)C,67-64-1,NIST,40.673,-200.5,-217.1,40.1835,40.6726,-1.204,-0.001,298K,-0.001,ok_<1%,
BrF3,F[Br](F)F,7787-71-5,JANAF,6.277,,,,,,,,,n/a,smiles_parse_failed
PF,[P]F,,HH,4.47,,,,,,,,,n/a,no_cas
indene,C1C=CC2=CC=CC=C21,95-13-6,NIST,83.261,2.3,161.2,84.2271,83.2552,1.16,-0.007,298K,-0.007,ok_<1%,
CH2NH,C=N,27770-42-9,ATcT,18.11,,,,,,,,,n/a,cccbdb_defaulted
NaCl,[Na]Cl,7647-14-5,ATcT,4.23,,,,,,,,,n/a,fetch_err:TimeoutError
dicyanog,N#CC#N,460-19-5,NIST,21.45,307.15,309.1,21.3132,21.4501,-0.638,,298K,,ok_<1%,
DME,COC,115-10-6,NIST,32.9,-166.6,-184.1,32.4612,32.9027,-1.334,0.008,298K,0.008,ok_<1%,
1-hexene,CCCCC=C,592-41-6,NIST,72.112,,-42.09,,72.1161,,0.006,298K,0.006,ok_<1%,
HCN,C#N,74-90-8,ATcT,13.39,132.38,132.0,13.1153,13.2182,-2.052,-1.283,298K,-1.283,warn_1-2%,
2-PrOH,CC(O)C,67-63-0,NIST,45.77,-248.6,-272.7,45.1601,45.7676,-1.333,-0.005,298K,-0.005,ok_<1%,
K2,[K][K],,HH,0.514,,,,,,,,,n/a,no_cas
1-methylcyclohexene,CC1=CCCCC1,591-49-1,NIST,79.471,,,,,,,,,n/a,cccbdb_defaulted
HCl,[H]Cl,7647-01-0,ATcT,4.43,-92.13,-92.31,4.4337,4.4733,0.083,0.978,0K,0.083,ok_<1%,
NCl,[N]Cl,,Peterson1997,2.75,,,,,,,,,n/a,no_cas
Nitrosyl_chloride,N(=O)Cl,2696-92-6,ATcT_0K,8.1107,54.6,52.7,8.1096,8.1926,-0.014,1.009,0K,-0.014,ok_<1%,
cyclopentane,C1CCCC1,287-92-3,NIST,60.44,-44.5,-77.1,59.7064,60.5323,-1.214,0.153,298K,0.153,ok_<1%,
malononitrile,C(C#N)C#N,109-77-3,NIST,34.671,,,,,,,,,n/a,fetch_err:TimeoutError
KI,[K]I,7681-11-0,JANAF,3.31,,,,,,,,,n/a,fetch_err:TimeoutError
"N,N-dimethylurea",CN(C)C(=O)N,598-94-7,NIST,55.859,1.13,-219.96,52.3265,55.019,-6.324,-1.504,298K,-1.504,warn_1-2%,
PCl3,ClP(Cl)Cl,7719-12-2,NIST-derived,9.94,-285.5,-288.7,9.9581,10.044,0.182,1.047,0K,0.182,ok_<1%,
salicylic_acid,OC1=CC=CC=C1C(=O)O,69-72-7,NIST,78.428,,,,,,,,,n/a,cccbdb_defaulted
cyclohexene,C1CCC=CC1,110-83-8,NIST,67.206,0.98,-4.32,66.606,67.2059,-0.893,,298K,,ok_<1%,
Fluorodichloromethane,C(F)(Cl)Cl,75-43-4,ATcT_0K,15.771,,-283.26,,15.9601,,1.199,298K,1.199,warn_1-2%,
phthalazine,c1ccc2cnncc2c1,253-52-1,NIST,79.358,,,,,,,,,n/a,fetch_err:TimeoutError
maleimide,O=C1C=CC(=O)N1,541-59-3,NIST,48.938,,,,,,,,,n/a,cccbdb_defaulted
butyrN,CCCC#N,109-74-0,NIST,50.08,,,,,,,,,n/a,fetch_err:TimeoutError
Hydrogen_chloride,Cl,7647-01-0,ATcT_0K,4.4322,-92.13,-92.31,4.4337,4.4733,0.033,0.928,0K,0.033,ok_<1%,
valeric_acid,CCCCC(=O)O,109-52-4,NIST,69.997,,,,,,,,,n/a,cccbdb_defaulted
guaiacol,COC1=CC=CC=C1O,90-05-1,NIST,77.378,,,,,,,,,n/a,cccbdb_defaulted
Pentatetraene,C=C=C=C=C,21986-03-8,ATcT_0K,41.1301,,,,,,,,,n/a,no_hfg_data
dimethylphosphine,CPC,676-59-5,NIST,34.377,,,,,,,,,n/a,no_hfg_data
1-heptene,CCCCCC=C,25339-56-4,NIST,84.273,,,,,,,,,n/a,cccbdb_defaulted
Cyclobutene,C1CC=C1,822-35-5,ATcT_0K,41.0822,173.8,156.7,41.1168,41.6437,0.084,1.367,0K,0.084,ok_<1%,
propyl_formate,CCCOC=O,110-74-7,NIST,57.177,,,,,,,,,n/a,cccbdb_defaulted
acenaphthylene,C1=CC2=C3C(=C1)C=CC3=CC=C2,208-96-8,NIST,104.505,3.7,263.2,106.3255,104.4816,1.742,-0.022,298K,-0.022,ok_<1%,
iodobenzene,IC1=CC=CC=C1,591-50-4,NIST,55.262,,,,,,,,,n/a,cccbdb_defaulted
thioacetic_acid,CC(=O)S,507-09-5,NIST,31.162,,,,,,,,,n/a,cccbdb_defaulted
fluorobenzene,Fc1ccccc1,462-06-6,NIST,57.888,0.1,-110.8,56.2206,57.8352,-2.88,-0.091,298K,-0.091,ok_<1%,
pyridazine,C1=CC=NN=C1,289-80-5,NIST,45.663,1.26,278.36,48.1816,45.662,5.516,-0.002,298K,-0.002,ok_<1%,
2_Fluoroethanol,C(CF)O,371-62-0,ATcT_0K,33.5057,,,,,,,,,n/a,no_hfg_data
cyclooctane,C1CCCCCCC1,292-64-8,NIST,96.863,1.6,-126.1,94.7757,96.8801,-2.155,0.018,298K,0.018,ok_<1%,
N_Methylethanamine,CCNC,624-78-2,ATcT_0K,47.3295,,,,,,,,,n/a,cccbdb_defaulted
DMDSch,CSCSC,1618-26-4,NIST,46.73,,,,,,,,,n/a,cccbdb_defaulted
Chlorodibromomethane,C(Cl)(Br)Br,124-48-1,ATcT_0K,12.9481,23.1,4.2,13.0548,13.2198,0.824,2.099,0K,0.824,ok_<1%,
ClO2_rad,O=[Cl]=O,,JANAF,5.338,,,,,,,,,n/a,no_cas
acrolein,O=CC=C,107-02-8,NIST,34.582,-74.0,-84.0,34.3943,34.7743,-0.543,0.556,0K,-0.543,ok_<1%,
AlBr3,Br[Al](Br)Br,7727-15-3,JANAF,11.304,,-410.45,,11.1526,,-1.34,298K,-1.34,warn_1-2%,
acrolein,C=CC=O,107-02-8,NIST,34.58,-74.0,-84.0,34.3943,34.7743,-0.537,0.562,0K,-0.537,ok_<1%,
3-hydroxypyridine,Oc1cccnc1,109-00-2,NIST,56.371,1.7,-43.7,55.4681,56.3707,-1.602,,298K,,ok_<1%,
p-dichlorobenzene,Clc1ccc(Cl)cc1,106-46-7,NIST,56.302,4.2,24.9,55.618,55.8611,-1.215,-0.783,298K,-0.783,ok_<1%,
cyclopropene,C1C=C1,2781-85-3,NIST,28.449,285.8,277.0,28.1069,28.4503,-1.202,0.004,298K,0.004,ok_<1%,
CaO,[Ca]=O,1305-78-8,JANAF,4.695,39.13,38.01,3.9956,4.0314,-14.897,-14.134,298K,-14.134,fail_>2%,
methyl_butyrate,CCCC(=O)OC,623-42-7,NIST,69.625,,,,,,,,,n/a,cccbdb_defaulted
perfluoropropane,FC(F)(F)C(F)(F)C(F)(F)F,76-19-7,NIST,47.345,8.8,-1784.7,28.427,47.3624,-39.958,0.037,298K,0.037,ok_<1%,
azetidine,C1CNC1,503-29-7,NIST,42.175,,,,,,,,,n/a,fetch_err:TimeoutError
Hydrogen_isocyanide,[C-]#[NH+],6914-07-4,ATcT_0K,12.4988,194.0,194.33,12.4767,12.5721,-0.177,0.587,0K,-0.177,ok_<1%,
methyl_acrylate,COC(=O)C=C,96-33-3,NIST,51.884,,-333.0,,51.8842,,,298K,,ok_<1%,
HI,[H]I,10034-85-2,ATcT,3.05,28.68,26.5,3.0525,3.0921,0.081,1.379,0K,0.081,ok_<1%,
cyclodecane,C1CCCCCCCCC1,293-96-9,NIST,121.063,,,,,,,,,n/a,cccbdb_defaulted
"1,3-dioxolane",C1COCO1,646-06-0,NIST,44.462,-275.0,-298.0,43.514,44.0936,-2.132,-0.829,298K,-0.829,ok_<1%,
CHF2Cl,FC(F)Cl,75-45-6,NIST,17.603,,-481.58,,17.5811,,-0.124,298K,-0.124,ok_<1%,
Benzyl,[CH2]C1=CC=CC=C1,2154-56-5,ATcT_0K,64.8993,226.8,208.0,64.9194,65.655,0.031,1.164,0K,0.031,ok_<1%,
m-dichlorobenzene,Clc1cccc(Cl)c1,541-73-1,NIST,56.334,3.8,29.0,55.6221,55.8186,-1.264,-0.915,298K,-0.915,ok_<1%,
"1,3-dioxane",C1COCOC1,505-22-6,NIST,56.887,1.1,-338.4,52.5015,56.459,-7.709,-0.752,298K,-0.752,ok_<1%,
"1,3-propanediol",OCCCO,504-63-2,NIST,49.757,3.35,-392.04,45.1072,49.5871,-9.345,-0.342,298K,-0.342,ok_<1%,
salicylaldehyde,OC1=CC=CC=C1C=O,90-02-8,NIST,72.22,,,,,,,,,n/a,cccbdb_defaulted
P2,[P]#[P],12185-09-0,ATcT,5.033,145.82,144.0,5.0482,5.0681,0.303,0.698,0K,0.303,ok_<1%,
2_Iodoethanol,C(CI)O,624-76-0,ATcT_0K,30.9735,,,,,,,,,n/a,cccbdb_defaulted
NMA,CC(=O)N,60-35-5,NIST,36.26,-221.0,-238.5,35.6633,36.1061,-1.646,-0.424,298K,-0.424,ok_<1%,
Fluorodibromomethane,C(F)(Br)Br,1868-53-7,ATcT_0K,14.3873,,,,,,,,,n/a,no_hfg_data
hexafluorobenzene,C1(=C(C(=C(C(=C1F)F)F)F)F)F,392-56-3,NIST,59.778,1.2,-956.0,49.0173,59.4117,-18.001,-0.613,298K,-0.613,ok_<1%,
ZnO,[Zn]=O,174846-84-5,NIST,1.61,,,,,,,,,n/a,cccbdb_defaulted
TMA,CN(C)C,75-50-3,NIST,48.32,,-23.6,,47.7617,,-1.155,298K,-1.155,warn_1-2%,
Hydrogen_iodide,I,10034-85-2,ATcT_0K,3.0487,28.68,26.5,3.0525,3.0921,0.123,1.422,0K,0.123,ok_<1%,
Naphthalene,C1=CC=C2C=CC=CC2=C1,91-20-3,ATcT_0K,89.8714,1.1,150.6,91.6105,90.7929,1.935,1.025,298K,1.025,warn_1-2%,
diethyl_oxalate,CCOC(=O)C(=O)OCC,95-92-1,NIST,85.182,,,,,,,,,n/a,cccbdb_defaulted
diketene,C=CC(=O)OC=C,2177-18-6,NIST,57.934,,,,,,,,,n/a,cccbdb_defaulted
2-methoxyethanol,COCCO,109-86-4,NIST,49.43,,,,,,,,,n/a,fetch_err:TimeoutError
acrylic_acid,OC(=O)C=C,79-10-7,NIST,39.83,-311.0,-323.5,39.409,39.8391,-1.057,0.023,298K,0.023,ok_<1%,
AgF,[Ag]F,,Luo2007,3.54,,,,,,,,,n/a,no_cas
H2S,S,7783-06-4,ATcT,7.45,-17.68,-20.6,7.5107,7.6049,0.814,2.08,0K,0.814,ok_<1%,
CaF,[Ca]F,,HH,5.29,,,,,,,,,n/a,no_cas
Phenanthrene,C1=CC=C2C(=C1)C=CC3=CC=CC=C32,85-01-8,ATcT_0K,123.2118,2.3,202.2,125.56,124.4884,1.906,1.036,298K,1.036,warn_1-2%,
SiOCl2,Cl[Si](=O)Cl,73551-05-0,Gurvich,15.395,,,,,,,,,n/a,cccbdb_defaulted
CH,[C][H],,ATcT,3.465,,,,,,,,,n/a,no_cas
paraldehyde,CC1OC(C)OC(C)O1,123-63-7,NIST,86.095,,,,,,,,,n/a,cccbdb_defaulted
CrF,[Cr]F,,CRC,4.56,,,,,,,,,n/a,no_cas
methyl_vinyl_ether,COC=C,107-25-5,NIST,39.501,,,,,,,,,n/a,cccbdb_defaulted
12butadiene,C=C=CC,590-19-2,NIST,41.27,175.8,162.3,41.096,41.5857,-0.422,0.765,0K,-0.422,ok_<1%,
propyl_acetate,CCCOC(=O)C,109-60-4,NIST,69.739,,,,,,,,,n/a,cccbdb_defaulted
12-crown-4,C1COCCOCCOCCO1,294-93-9,NIST,113.739,,,,,,,,,n/a,cccbdb_defaulted
difluorobromomethane,FC(F)Br,1511-62-2,NIST,16.887,0.9,-425.3,12.4242,16.9001,-26.427,0.077,298K,0.077,ok_<1%,
Chlorofluoromethane,C(F)Cl,593-70-4,ATcT_0K,16.5502,,-261.92,,16.7412,,1.154,298K,1.154,warn_1-2%,
SiH2F2,F[SiH2]F,39384-00-4,NIST,17.244,,,,,,,,,n/a,cccbdb_defaulted
p-fluorotoluene,Cc1ccc(F)cc1,352-32-9,NIST,70.521,,,,,,,,,n/a,fetch_err:TimeoutError
TiI4,[Ti](I)(I)(I)I,7720-83-4,JANAF,12.199,,,,,,,,,n/a,cccbdb_defaulted
ScOH,O[Sc],,Gurvich,11.369,,,,,,,,,n/a,no_cas
styrene,C=Cc1ccccc1,100-42-5,NIST,74.85,1.0,146.9,76.8696,75.9755,2.698,1.504,298K,1.504,warn_1-2%,
MePH2,PC,593-54-4,NIST,22.21,,,,,,,,,n/a,no_hfg_data
"1,2-propanediol",CC(O)CO,57-55-6,NIST,49.89,4.1,-429.8,45.0994,49.9784,-9.602,0.177,298K,0.177,ok_<1%,
3_Dioxiranone,C1(=O)OO1,94660-13-6,ATcT_0K,16.7055,,,,,,,,,n/a,cccbdb_defaulted
KCl,[K]Cl,7447-40-7,NIST,4.43,,-214.68,,4.4046,,-0.573,298K,-0.573,ok_<1%,
Ethoxy,CC[O],2154-50-9,ATcT_0K,28.4427,,,,,,,,,n/a,fetch_err:TimeoutError
Carbonic_acid,C(=O)(O)O,463-79-6,ATcT_0K,25.3439,,,,,,,,,n/a,no_hfg_data
MecPr,C1CC1C,594-11-6,NIST,47.8,,,,,,,,,n/a,no_hfg_data
Propadienone,C=C=C=O,61244-93-7,ATcT_0K,27.7867,,,,,,,,,n/a,no_hfg_data
methacrylonitrile,CC(=C)C#N,126-98-7,NIST,44.995,,,,,,,,,n/a,cccbdb_defaulted
benzonitrile,N#Cc1ccccc1,100-47-0,NIST,65.956,,219.0,,65.9212,,-0.053,298K,-0.053,ok_<1%,
pentafluoroethane,FC(F)C(F)(F)F,354-33-6,NIST,32.671,,,,,,,,,n/a,no_hfg_data
"1,3-dioxolane",C1OCOC1,646-06-0,NIST,44.529,-275.0,-298.0,43.514,44.0936,-2.279,-0.978,298K,-0.978,ok_<1%,
VinylCl,C=CCl,75-01-4,NIST,22.66,3.0,22.0,22.6677,22.6631,0.034,0.014,298K,0.014,ok_<1%,
BO,[B]#[O],12505-77-0,HH,8.28,,,,,,,,,n/a,smiles_parse_failed
CCl,[C]Cl,,HH,3.96,,,,,,,,,n/a,no_cas
cyclopentene,C1CC=CC1,142-29-0,NIST,54.863,58.2,33.9,54.1639,54.8631,-1.274,,298K,,ok_<1%,
Difluorodibromomethane,C(F)(F)(Br)Br,75-61-6,ATcT_0K,15.0293,,,,,,,,,n/a,fetch_err:TimeoutError
pentafluoroethane,FC(F)(F)C(F)F,354-33-6,NIST,32.671,,,,,,,,,n/a,no_hfg_data
isopropyl_acetate,CC(C)OC(=O)C,108-21-4,NIST,69.887,,,,,,,,,n/a,cccbdb_defaulted
4-hydroxypyridine,Oc1ccncc1,626-64-2,NIST,56.232,5.3,-30.3,55.4307,56.2319,-1.425,,298K,,ok_<1%,
isopropyl_acetate,CC(=O)OC(C)C,108-21-4,NIST,69.89,,,,,,,,,n/a,cccbdb_defaulted
HBF4_frag,FB(F)(F)F,,JANAF,24.766,,,,,,,,,n/a,no_cas
Bromofluoromethane,C(F)Br,373-52-4,ATcT_0K,15.8576,0.12,11.63,13.8707,13.8083,-12.53,-12.923,0K,-12.53,fail_>2%,
1-fluorobutane,CCCCF,2366-52-1,NIST,53.844,,,,,,,,,n/a,no_hfg_data
benzoxazole,c1ccc2ocnc2c1,273-53-0,NIST,70.306,,,,,,,,,n/a,cccbdb_defaulted
Fulvenone,C1=CC(=C=O)C=C1,4727-22-4,ATcT_0K,54.5389,,,,,,,,,n/a,cccbdb_defaulted
FeCl3,Cl[Fe](Cl)Cl,7705-08-0,JANAF,10.71,,,,,,,,,n/a,cccbdb_defaulted
SiC,[Si]#[C],,HH,4.64,,,,,,,,,n/a,no_cas
ZnH,[Zn][H],,CRC,0.85,,,,,,,,,n/a,no_cas
ethyl_formate,CCOC=O,109-94-4,NIST,44.855,,-398.32,,45.1334,,0.621,298K,0.621,ok_<1%,
"2,3-dimethyl-1,3-butadiene",CC(=C)C(=C)C,513-81-5,NIST,66.664,,,,,,,,,n/a,cccbdb_defaulted
Hypochlorous_acid,OCl,7790-92-3,ATcT_0K,6.8025,-71.5,-74.5,6.7782,6.8713,-0.357,1.011,0K,-0.357,ok_<1%,
acrylic_acid,C=CC(=O)O,79-10-7,NIST,39.907,-311.0,-323.5,39.409,39.8391,-1.248,-0.17,298K,-0.17,ok_<1%,
2-azetidinone,O=C1CCN1,930-21-2,NIST,42.057,,,,,,,,,n/a,cccbdb_defaulted
NiH,[Ni][H],14332-32-2,3dMLBE20,2.54,,,,,,,,,n/a,cccbdb_defaulted
2_Butynyl,CC#C[CH2],,ATcT_0K,37.3914,,,,,,,,,n/a,no_cas
dimethylurea,CNC(=O)NC,96-31-1,NIST,55.974,1.55,-221.58,52.3221,55.0358,-6.524,-1.676,298K,-1.676,warn_1-2%,
methylenecyclopropane,C=C1CC1,6142-73-0,NIST,41.133,216.3,200.5,40.6763,41.1898,-1.11,0.138,298K,0.138,ok_<1%,
DMS,CSC,75-18-3,NIST,31.67,2.0,-37.5,31.0048,31.6734,-2.101,0.011,298K,0.011,ok_<1%,
MnCl2,Cl[Mn]Cl,,JANAF,8.67,,,,,,,,,n/a,no_cas
alanine,CC(N)C(=O)O,1222-66-8,NIST,52.558,,,,,,,,,n/a,cccbdb_defaulted
2-methylimidazole,CC1=NC=CN1,693-98-1,NIST,52.237,1.1,89.8,52.6613,52.1351,0.812,-0.195,298K,-0.195,ok_<1%,
1_1_Ethenediol,C=C(O)O,10375-04-9,ATcT_0K,31.8881,,,,,,,,,n/a,fetch_err:TimeoutError
LiOH,[Li]O,1310-65-2,JANAF,8.921,,,,,,,,,n/a,cccbdb_defaulted
trioxane,C1OCOCO1,110-88-3,NIST,48.412,0.5,-465.76,43.217,48.4149,-10.731,0.006,298K,0.006,ok_<1%,
S2F2,FSSF,13709-35-8,Gurvich,11.412,,,,,,,,,n/a,no_hfg_data
SiF,[Si]F,11128-24-8,HH,5.57,-27.06,-25.23,5.7036,5.7481,2.398,3.198,0K,2.398,fail_>2%,
allyl_chloride,C=CCCl,107-05-1,NIST,34.886,,-5.6,,34.8958,,0.028,298K,0.028,ok_<1%,
propylene_oxide,CC1CO1,75-56-9,NIST,39.31,-75.2,-93.72,38.8849,39.3938,-1.082,0.213,298K,0.213,ok_<1%,
VO2,O=[V]=O,12036-21-4,JANAF,13.448,,,,,,,,,n/a,cccbdb_defaulted
"1,4-cyclohexadiene",C1C=CCC=C1,628-41-1,NIST,61.565,132.6,109.0,60.7638,61.5126,-1.301,-0.085,298K,-0.085,ok_<1%,
glycolal,OCC=O,141-46-8,NIST,32.44,,,,,,,,,n/a,no_hfg_data
4-aminophenol,NC1=CC=C(O)C=C1,123-30-8,NIST,68.559,,,,,,,,,n/a,cccbdb_defaulted
benzimidazole,C1=CC=C2C(=C1)N=CN2,51-17-2,NIST,73.468,,,,,,,,,n/a,cccbdb_defaulted
Peroxynitrous_acid,N(=O)OO,14691-52-2,ATcT_0K,14.7104,,,,,,,,,n/a,cccbdb_defaulted
"2,6-dimethylpyridine",CC1=CC=CC(=N1)C,108-48-5,NIST,76.62,,,,,,,,,n/a,cccbdb_defaulted
AlH,[Al][H],13967-22-1,HH,2.98,249.36,249.25,3.0468,3.0963,2.242,3.903,0K,2.242,fail_>2%,
trifluoroethanol,C(C(F)(F)F)O,75-89-8,NIST,35.892,,,,,,,,,n/a,cccbdb_defaulted
Butatriene,C=C=C=C,2873-50-9,ATcT_0K,35.0462,,,,,,,,,n/a,no_hfg_data
Tribromochloromethane,C(Cl)(Br)(Br)Br,594-15-0,ATcT_0K,11.2062,,,,,,,,,n/a,no_hfg_data
NO2,O=[N]=O,,ATcT,9.62,,,,,,,,,n/a,no_cas
isoprene,CC(=C)C=C,78-79-5,NIST,54.43,96.27,75.75,53.7693,54.4294,-1.214,-0.001,298K,-0.001,ok_<1%,
FeCl,[Fe]Cl,,CRC,3.52,,,,,,,,,n/a,no_cas
NaO,[Na][O],,HH,2.6,,,,,,,,,n/a,no_cas
"1,3-cyclohexadiene",C1CC=CC=C1,592-57-4,NIST,61.544,130.1,106.2,60.7897,61.5416,-1.226,-0.004,298K,-0.004,ok_<1%,
N2H4,NN,302-01-2,ATcT,17.96,109.34,95.18,17.5776,17.8491,-2.129,-0.618,298K,-0.618,ok_<1%,
CS2,S=C=S,75-15-0,NIST,11.09,115.91,116.7,11.8683,11.9637,7.018,7.878,0K,7.018,fail_>2%,
NaBr,[Na]Br,7647-15-6,JANAF,3.79,,-143.93,,3.7653,,-0.651,298K,-0.651,ok_<1%,
adamantane,C1C2CC3CC1CC(C2)C3,281-23-2,NIST,111.824,2.3,-134.4,109.5104,111.8218,-2.069,-0.002,298K,-0.002,ok_<1%,
SH,[S][H],,ATcT,3.56,,,,,,,,,n/a,no_cas
ethanol,CCO,64-17-5,NIST,33.43,-217.08,-234.8,32.9844,33.4282,-1.333,-0.005,298K,-0.005,ok_<1%,
2-aminophenol,NC1=CC=CC=C1O,95-55-6,NIST,68.549,,,,,,,,,n/a,cccbdb_defaulted
BF,[B]F,13768-60-0,HH,7.81,-110.0,-106.94,7.7447,7.7869,-0.836,-0.296,298K,-0.296,ok_<1%,
3_Buten_2_one,CC(=O)C=C,78-94-4,ATcT_0K,46.4575,,,,,,,,,n/a,cccbdb_defaulted
CaF2,F[Ca]F,7789-75-5,JANAF,11.684,-789.08,-790.83,11.6223,11.6846,-0.528,0.005,298K,0.005,ok_<1%,
cC3H6,C1CC1,75-19-4,NIST,35.29,70.4,53.3,34.8175,35.2875,-1.339,-0.007,298K,-0.007,ok_<1%,
C2H4,C=C,74-85-1,ATcT,23.09,60.99,52.4,23.066,23.3502,-0.104,1.127,0K,-0.104,ok_<1%,
CBrCl3,ClC(Cl)(Cl)Br,75-62-7,NIST,12.867,1.0,-42.0,12.3022,12.7942,-4.39,-0.566,298K,-0.566,ok_<1%,
1-methylimidazole,CN1C=CN=C1,616-47-7,NIST,51.755,,,,,,,,,n/a,cccbdb_defaulted
Si2Cl6,Cl[Si](Cl)(Cl)[Si](Cl)(Cl)Cl,13465-77-5,JANAF,27.372,,,,,,,,,n/a,cccbdb_defaulted
TiO2,O=[Ti]=O,13463-67-7,JANAF,13.23,,-305.43,,13.233,,0.023,298K,0.023,ok_<1%,
CuBr2,Br[Cu]Br,7789-45-9,Gurvich,5.267,,,,,,,,,n/a,cccbdb_defaulted
NiO,[Ni]=O,34492-97-2,CRC,3.91,,,,,,,,,n/a,cccbdb_defaulted
1_2_Butadiene,CC=C=C,590-19-2,ATcT_0K,41.1027,175.8,162.3,41.096,41.5857,-0.016,1.175,0K,-0.016,ok_<1%,
HFC_134a,FCC(F)(F)F,811-97-2,NIST,31.864,,,,,,,,,n/a,no_hfg_data
biuret,NC(=O)NC(=O)N,108-19-0,NIST,51.641,,,,,,,,,n/a,cccbdb_defaulted
butyric_acid,CCCC(=O)O,107-92-6,NIST,57.883,4.0,-475.9,52.4714,57.8841,-9.349,0.002,298K,0.002,ok_<1%,
isoquinoline,C1=CC=C2C=NC=CC2=C1,119-65-3,NIST,85.445,,,,,,,,,n/a,cccbdb_defaulted
EtSSH,CCSS,74004-30-1,NIST,34.46,,,,,,,,,n/a,cccbdb_defaulted
methyl_thiocyanate,CSC#N,556-64-9,NIST,28.053,,,,,,,,,n/a,cccbdb_defaulted
quinoline,C1=CC=C2C(=C1)C=CC=N2,91-22-5,NIST,85.488,,,,,,,,,n/a,cccbdb_defaulted
methyl_propanoate,CCC(=O)OC,554-12-1,NIST,57.471,,,,,,,,,n/a,cccbdb_defaulted
glycerol,OCC(O)CO,56-81-5,NIST,54.096,1.1,-577.9,47.6888,54.0959,-11.844,,298K,,ok_<1%,
diethyl_carbonate,CCOC(=O)OCC,105-58-8,NIST,74.093,,,,,,,,,n/a,cccbdb_defaulted
Ethylperoxy,CCO[O],3170-61-4,ATcT_0K,31.115,,,,,,,,,n/a,no_hfg_data
Bromoform,C(Br)(Br)Br,75-25-2,ATcT_0K,12.2645,81.0,55.1,12.4372,12.5945,1.408,2.691,0K,1.408,warn_1-2%,
MnBr2,Br[Mn]Br,12738-03-3,JANAF,7.613,,,,,,,,,n/a,cccbdb_defaulted
CF,[C]F,,HH,5.56,,,,,,,,,n/a,no_cas
Isobutene,CC(=C)C,115-11-7,ATcT_0K,47.3619,4.0,-17.8,47.3547,47.9711,-0.015,1.286,0K,-0.015,ok_<1%,
isobutyric_acid,CC(C)C(=O)O,79-31-2,NIST,57.968,,,,,,,,,n/a,cccbdb_defaulted
DMA,CNC,124-40-3,NIST,36.34,3.0,-18.6,35.2614,35.7632,-2.968,-1.587,298K,-1.587,warn_1-2%,
MnF2,F[Mn]F,,JANAF,11.11,,,,,,,,,n/a,no_cas
VF,[V]F,,CRC,5.45,,,,,,,,,n/a,no_cas
CuCl2,Cl[Cu]Cl,7447-39-4,JANAF,6.46,,,,,,,,,n/a,cccbdb_defaulted
succinic_anhydride,O=C1OC(=O)CC1,108-30-5,NIST,51.962,,,,,,,,,n/a,cccbdb_defaulted
adiponitrile,N#CCCCCC#N,111-69-3,NIST,71.555,,,,,,,,,n/a,cccbdb_defaulted
CH3OH,CO,67-56-1,ATcT,21.29,-190.12,-201.0,20.8559,21.1312,-2.039,-0.746,298K,-0.746,ok_<1%,
ethyl_propanoate,CCOC(=O)CC,105-37-3,NIST,70.109,,,,,,,,,n/a,cccbdb_defaulted
NiBr2,Br[Ni]Br,,Gurvich,6.71,,,,,,,,,n/a,no_cas
ClF3,F[Cl](F)F,7790-91-2,JANAF,5.417,,,,,,,,,n/a,smiles_parse_failed
cyclopentadiene,C1C=CC=C1,542-92-7,NIST,49.304,151.4,134.3,48.7199,49.3037,-1.185,-0.001,298K,-0.001,ok_<1%,
CuCl,Cl[Cu],7758-89-6,HH,3.75,91.21,91.09,3.7914,3.81,1.103,1.601,0K,1.103,warn_1-2%,
Phenylethene,C=CC1=CC=CC=C1,100-42-5,ATcT_0K,75.1377,1.0,146.9,76.8696,75.9755,2.305,1.115,298K,1.115,warn_1-2%,
1_Phenylethenol,C=C(C1=CC=CC=C1)O,4383-15-7,ATcT_0K,79.5546,,,,,,,,,n/a,cccbdb_defaulted
CH2O,C=O,50-00-0,ATcT,15.46,-104.86,-108.7,15.4942,15.6558,0.221,1.267,0K,0.221,ok_<1%,
EtOAc,CCOC(=O)C,141-78-6,NIST,57.56,0.84,-445.43,52.5041,57.5683,-8.784,0.014,298K,0.014,ok_<1%,
ethyl_acetate,CC(=O)OCC,141-78-6,NIST,57.559,0.84,-445.43,52.5041,57.5683,-8.782,0.016,298K,0.016,ok_<1%,
2-aminopyridine,Nc1ccccn1,504-29-0,NIST,59.27,,,,,,,,,n/a,cccbdb_defaulted
FeBr2,Br[Fe]Br,,JANAF,7.297,,,,,,,,,n/a,no_cas
AuH,[Au][H],,Luo2007,3.11,,,,,,,,,n/a,no_cas
epichlorohydrin,ClCC1CO1,106-89-8,NIST,38.959,4.18,-107.95,37.0629,38.5391,-4.867,-1.078,298K,-1.078,warn_1-2%,
2-methylpyridine,CC1=CC=CC=N1,109-06-8,NIST,64.254,,-26.5,,65.5566,,2.027,298K,2.027,fail_>2%,
BH3,[BH3],13283-31-3,JANAF,11.535,91.9,88.0,11.5686,11.7219,0.291,1.621,0K,0.291,ok_<1%,
oxetane,C1COC1,503-30-0,NIST,39.26,-60.47,-80.5,38.7322,39.2568,-1.344,-0.008,298K,-0.008,ok_<1%,
benzoic_acid,OC(=O)c1ccccc1,65-85-0,NIST,73.764,,,,,,,,,n/a,no_hfg_data
pyridine,c1ccncc1,110-86-1,NIST,51.43,0.25,140.38,52.9247,51.8803,2.906,0.876,298K,0.876,ok_<1%,
butad,C=CC=C,106-99-0,NIST,42.13,124.5,109.2,41.6277,42.136,-1.192,0.014,298K,0.014,ok_<1%,
4-methylpyridine,CC1=CC=NC=C1,108-89-4,NIST,64.203,,,,,,,,,n/a,cccbdb_defaulted
indole,C1=CC=C2C(=C1)C=CN2,120-72-9,NIST,78.208,,,,,,,,,n/a,no_hfg_data
EtCN,CCC#N,107-12-0,NIST,37.93,,51.46,,37.9462,,0.043,298K,0.043,ok_<1%,
Acetone_enol,CC(=C)O,29456-04-0,ATcT_0K,39.6181,,-38.0,,38.8163,,-2.024,298K,-2.024,fail_>2%,
Dichlorodifluoromethane,C(F)(F)(Cl)Cl,75-71-8,ATcT_0K,16.5227,-481.83,-486.0,16.4457,16.6247,-0.466,0.617,0K,-0.466,ok_<1%,
2_Methylallyl,CC(=C)[CH2],,ATcT_0K,43.551,,,,,,,,,n/a,no_cas
HOSO2,OS(=O)=O,,JANAF,20.871,,,,,,,,,n/a,no_cas
MgH,[Mg][H],,HH,1.28,,,,,,,,,n/a,no_cas
Iodotrifluoromethane,C(F)(F)(F)I,2314-97-8,ATcT_0K,16.9281,,,,,,,,,n/a,fetch_err:TimeoutError
3-methylpyridine,CC1=CN=CC=C1,108-99-6,NIST,64.179,,,,,,,,,n/a,cccbdb_defaulted
SO,O=S,2243010-16-2,ATcT_0K,5.343,,,,,,,,,n/a,fetch_err:TimeoutError
PFCl2,ClP(Cl)F,15597-63-4,JANAF,11.188,,,,,,,,,n/a,cccbdb_defaulted
triethylborane,CCB(CC)CC,97-94-9,NIST,86.331,,,,,,,,,n/a,cccbdb_defaulted
Isocyanobenzene,[C-]#[N+]C1=CC=CC=C1,931-54-4,ATcT_0K,64.3577,,,,,,,,,n/a,cccbdb_defaulted
F2,FF,7782-41-4,ATcT,1.602,,,1.6013,1.6454,-0.042,2.711,0K,-0.042,ok_<1%,
Allyl,C=C[CH2],1981-80-2,ATcT_0K,31.4505,3.0,171.0,33.277,31.8083,5.807,1.138,298K,1.138,warn_1-2%,
Tetrafluoroethylene,C(=C(F)F)(F)F,116-14-3,ATcT_0K,24.9024,-656.08,-659.5,24.7444,24.9818,-0.635,0.319,298K,0.319,ok_<1%,
4-aminopyridine,Nc1ccncc1,504-24-5,NIST,59.148,,,,,,,,,n/a,cccbdb_defaulted
CFC12,FC(F)(Cl)Cl,75-71-8,NIST,16.54,-481.83,-486.0,16.4457,16.6247,-0.57,0.512,298K,0.512,ok_<1%,
thymine,CC1=CNC(=O)NC1=O,65-71-4,NIST,69.066,,,,,,,,,n/a,cccbdb_defaulted
"1,4-pentadiene",C=CCC=C,591-93-5,NIST,54.127,121.6,105.7,53.5068,54.1189,-1.146,-0.015,298K,-0.015,ok_<1%,
n_Propyl,CC[CH2],,ATcT_0K,36.5658,,,,,,,,,n/a,no_cas
oxazole,c1cocn1,288-42-6,NIST,36.704,,,,,,,,,n/a,fetch_err:TimeoutError
glyoxal,O=CC=O,107-22-2,NIST,26.74,-206.4,-212.0,26.4759,26.7369,-0.988,-0.012,298K,-0.012,ok_<1%,
lactic_acid,CC(C(=O)O)O,50-21-5,NIST,49.635,,,,,,,,,n/a,cccbdb_defaulted
Iodobenzene,C1=CC=C(C=C1)I,591-50-4,ATcT_0K,54.6916,,,,,,,,,n/a,cccbdb_defaulted
diethanolamine,OCCNCCO,111-42-2,NIST,69.718,,,,,,,,,n/a,cccbdb_defaulted
N-methylimidazole,Cn1ccnc1,616-47-7,NIST,54.134,,,,,,,,,n/a,cccbdb_defaulted
urea,NC(N)=O,57-13-6,NIST,31.97,-220.7,-237.1,30.9275,31.3033,-3.261,-2.085,298K,-2.085,fail_>2%,
Difluorochlorobromomethane,C(F)(F)(Cl)Br,353-59-3,ATcT_0K,15.8196,,,,,,,,,n/a,no_hfg_data
CCl4mol,ClC(Cl)(Cl)Cl,56-23-5,NIST,13.01,-93.35,-95.6,13.2976,13.4475,2.211,3.363,0K,2.211,fail_>2%,
iso_Butyl,CC(C)[CH2],,ATcT_0K,48.6367,,,,,,,,,n/a,no_cas
n_Butyl,CCC[CH2],,ATcT_0K,48.5768,,,,,,,,,n/a,no_cas
imidazole,C1=CN=CN1,288-32-4,NIST,39.742,0.6,132.9,40.8175,39.7417,2.706,-0.001,298K,-0.001,ok_<1%,
EG,OCCO,107-21-1,NIST,37.64,-367.9,-387.5,37.1059,37.5934,-1.419,-0.124,298K,-0.124,ok_<1%,
135hextr,C=CC=CC=C,2235-12-3,NIST,60.93,,,,,,,,,n/a,cccbdb_defaulted
AlF,[Al]F,13595-82-9,JANAF,6.88,-265.62,-265.68,6.9458,6.9965,0.957,1.693,0K,0.957,ok_<1%,
Hypobromous_acid,OBr,13517-11-8,ATcT_0K,6.4892,-47.7,1.8,6.514,5.9828,0.382,-7.804,0K,0.382,ok_<1%,
Hydrazino,N[NH],13598-46-4,ATcT_0K,14.0383,,,,,,,,,n/a,cccbdb_defaulted
CH3Cl,CCl,74-87-3,NIST,16.31,-73.94,-81.87,16.0942,16.3118,-1.323,0.011,298K,0.011,ok_<1%,
methyl_cyanoacetate,COC(=O)CC#N,105-34-0,NIST,53.612,,,,,,,,,n/a,cccbdb_defaulted
ZnCl,[Zn]Cl,,CRC,2.29,,,,,,,,,n/a,no_cas
KBr,[K]Br,7758-02-3,JANAF,3.93,,-180.08,,3.9483,,0.465,298K,0.465,ok_<1%,
Cl2O,ClOCl,7791-21-1,NIST,4.265,82.8,81.0,4.1798,4.2575,-1.998,-0.177,298K,-0.177,ok_<1%,
NH2OH,NO,7803-49-8,NIST,14.706,-39.86,-50.0,14.5659,14.7779,-0.953,0.489,298K,0.489,ok_<1%,
IBr,BrI,7789-33-5,JANAF,1.843,,40.88,,1.8431,,0.004,298K,0.004,ok_<1%,
3-aminopyridine,Nc1cccnc1,462-08-8,NIST,58.999,,,,,,,,,n/a,cccbdb_defaulted
vinylOH,OC=C,557-75-5,NIST,27.76,,-128.0,,27.8025,,0.153,298K,0.153,ok_<1%,
AgH,[Ag][H],13967-01-6,HH,2.29,,,,,,,,,n/a,cccbdb_defaulted
NiCl2,Cl[Ni]Cl,7718-54-9,JANAF,7.74,,,,,,,,,n/a,cccbdb_defaulted
CuF,[Cu]F,13478-41-6,HH,4.42,12.22,-12.55,4.1709,4.4497,-5.635,0.672,298K,0.672,ok_<1%,
CaCl,[Ca]Cl,,HH,4.13,,,,,,,,,n/a,no_cas
Ac2O,CC(=O)OC(=O)C,108-24-7,NIST,56.99,,,,,,,,,n/a,cccbdb_defaulted
BF2Cl,FB(F)Cl,14720-30-0,JANAF,17.071,,-885.33,,17.9342,,5.057,298K,5.057,fail_>2%,
S2F10,FS(F)(F)(F)(F)S(F)(F)(F)(F)F,5714-22-7,Gurvich,35.375,-1880.0,-1903.0,33.1901,33.6957,-6.176,-4.747,298K,-4.747,fail_>2%,
Dibromophosgene,C(=O)(Br)Br,593-95-3,ATcT_0K,13.2659,,,,,,,,,n/a,fetch_err:TimeoutError
SiHCl3,Cl[SiH](Cl)Cl,10025-78-2,NIST,15.838,-491.15,-496.22,15.6713,15.8379,-1.053,-0.001,298K,-0.001,ok_<1%,
nitrobenzene,[O-][N+](=O)c1ccccc1,98-95-3,NIST,65.229,1.6,65.6,65.3984,65.2484,0.26,0.03,298K,0.03,ok_<1%,
Tetrabromomethane,C(Br)(Br)(Br)Br,558-13-4,ATcT_0K,10.5299,150.0,120.0,10.7053,10.822,1.665,2.774,0K,1.665,warn_1-2%,
CrO3,O=[Cr](=O)=O,1333-82-0,JANAF,14.9,,,,,,,,,n/a,fetch_err:TimeoutError
"1,1,2-trifluoroethane",FCC(F)F,430-66-0,NIST,30.979,10.0,-691.0,23.7574,31.2638,-23.311,0.919,298K,0.919,ok_<1%,
DMC,COC(=O)OC,616-38-6,NIST,49.33,,,,,,,,,n/a,cccbdb_defaulted
pyrrole,c1cc[nH]c1,109-97-7,NIST,44.59,124.8,108.2,44.2629,44.786,-0.734,0.44,298K,0.44,ok_<1%,
MnOH,O[Mn],,Gurvich,8.58,,,,,,,,,n/a,no_cas
OF,[O]F,,HH,2.24,,,,,,,,,n/a,no_cas
methyl_acetate,CC(=O)OC,79-20-9,NIST,45.289,,-408.8,,45.242,,-0.104,298K,-0.104,ok_<1%,
MeOCHO,COC=O,107-31-3,NIST,32.74,,-352.4,,32.7108,,-0.089,298K,-0.089,ok_<1%,
MgF,[Mg]F,,HH,4.59,,,,,,,,,n/a,no_cas
LiO,[Li][O],,HH,3.44,,,,,,,,,n/a,no_cas
trifluoroacetic_acid,OC(=O)C(F)(F)F,76-05-1,NIST,35.837,4.6,-1018.0,24.452,35.2992,-31.769,-1.501,298K,-1.501,warn_1-2%,
norbornene,C1CC2CC1C=C2,498-66-8,NIST,73.735,,,,,,,,,n/a,no_hfg_data
SiF3Br,F[Si](F)(F)Br,14049-39-9,Gurvich,19.305,,,,,,,,,n/a,cccbdb_defaulted
BeCl,[Be]Cl,,JANAF,3.85,,,,,,,,,n/a,no_cas
Vinyl_bromide,C=CBr,593-60-2,ATcT_0K,21.7036,,79.2,,21.9725,,1.239,298K,1.239,warn_1-2%,
PH3,P,7803-51-2,ATcT,9.89,13.4,5.4,9.858,10.0025,-0.324,1.137,0K,-0.324,ok_<1%,
BF3,FB(F)F,7637-07-2,ATcT,20.01,-1133.19,-1136.0,19.9507,20.0978,-0.297,0.439,0K,-0.297,ok_<1%,
benzothiophene,c1ccc2sccc2c1,95-15-8,NIST,76.391,,,,,,,,,n/a,cccbdb_defaulted
Pentachloroethane,C(C(Cl)(Cl)Cl)(Cl)Cl,76-01-7,ATcT_0K,24.7442,4.3,-155.9,23.1353,25.0169,-6.502,1.102,298K,1.102,warn_1-2%,
Al2,[Al]=[Al],32752-94-6,HH,1.55,525.9,10.0,1.3339,6.7368,-13.943,334.631,0K,-13.943,fail_>2%,
CF4,FC(F)(F)F,75-73-0,ATcT,20.2,-927.23,-933.2,20.1837,20.3907,-0.081,0.944,0K,-0.081,ok_<1%,
NaOH,[Na]O,1310-73-2,JANAF,8.006,-187.36,-191.0,7.8534,7.9357,-1.906,-0.878,298K,-0.878,ok_<1%,
uracil,O=C1NC=CC(=O)N1,66-22-8,NIST,56.854,,,,,,,,,n/a,no_hfg_data
Sulfuric_acid,OS(=O)(=O)O,7664-93-9,ATcT_0K,24.9695,-719.0,-732.73,25.0128,25.3159,0.173,1.387,0K,0.173,ok_<1%,
CH3Br,CBr,74-83-9,NIST,15.69,,,,,,,,,n/a,fetch_err:TimeoutError
propylene_carbonate,CC1COC(=O)O1,108-32-7,NIST,57.371,,,,,,,,,n/a,cccbdb_defaulted
S2Cl2,ClSSCl,10025-67-9,NIST,8.46,-15.2,-16.74,8.3358,8.4332,-1.468,-0.317,298K,-0.317,ok_<1%,
HNO,N=O,14332-28-6,ATcT,8.57,110.02,107.05,8.5344,8.6314,-0.415,0.717,0K,-0.415,ok_<1%,
triethyl_phosphate,CCOP(=O)(OCC)OCC,78-40-0,NIST,103.656,,,,,,,,,n/a,cccbdb_defaulted
FeO,[Fe]=O,17125-56-3,CRC,4.17,,,,,,,,,n/a,cccbdb_defaulted
1_3_Cycloheptadiene,C1CC=CC=CC1,4054-38-0,ATcT_0K,72.7223,,,,,,,,,n/a,cccbdb_defaulted
Fulminic_acid,[C-]#[N+]O,51060-05-0,ATcT_0K,15.2783,,,,,,,,,n/a,cccbdb_defaulted
AlCl3,Cl[Al](Cl)Cl,7446-70-0,CCCBDB,13.16,-582.85,-584.59,13.1524,13.2506,-0.058,0.689,0K,-0.058,ok_<1%,
divinyl_ether,C=COC=C,109-93-3,NIST,46.194,0.84,-12.68,45.4677,45.9818,-1.572,-0.459,298K,-0.459,ok_<1%,
VOF3,F[V](=O)(F)F,,JANAF,22.558,,,,,,,,,n/a,no_cas
MgBr2,Br[Mg]Br,7789-48-2,JANAF,7.455,,,,,,,,,n/a,cccbdb_defaulted
MeSiH3,[SiH3]C,992-94-9,NIST,25.96,4.0,-29.1,25.3862,25.9497,-2.21,-0.04,298K,-0.04,ok_<1%,
3-nitrotoluene,CC1=CC(=CC=C1)[N+](=O)[O-],99-08-1,NIST,77.613,,,,,,,,,n/a,cccbdb_defaulted
Biallenyl,C=C=CC=C=C,29776-96-3,ATcT_0K,53.3265,,,,,,,,,n/a,no_hfg_data
VOCl3,Cl[V](=O)(Cl)Cl,,JANAF,19.301,,,,,,,,,n/a,no_cas
glycine,NCC(=O)O,56-40-6,NIST,40.55,4.6,-390.5,35.8835,40.264,-11.508,-0.705,298K,-0.705,ok_<1%,
Methyl_hypochlorite,COCl,593-78-2,ATcT_0K,18.4388,,,,,,,,,n/a,no_hfg_data
vinyl_fluoride,C=CF,75-02-5,NIST,23.895,-132.22,-140.1,23.6301,23.9086,-1.109,0.057,298K,0.057,ok_<1%,
Tetrachloroethene,C(=C(Cl)Cl)(Cl)Cl,127-18-4,ATcT_0K,19.9188,-23.63,-24.2,19.946,20.1353,0.136,1.087,0K,0.136,ok_<1%,
perfluorocyclobutane,FC1(F)C(F)(F)C(F)(F)C1(F)F,115-25-3,NIST,52.282,,,,,,,,,n/a,cccbdb_defaulted
Cycloheptatriene,C1C=CC=CC=C1,544-25-2,ATcT_0K,67.3747,,,,,,,,,n/a,no_hfg_data
4-nitrotoluene,CC1=CC=C(C=C1)[N+](=O)[O-],99-99-0,NIST,77.554,,,,,,,,,n/a,cccbdb_defaulted
Trimethylsiloxy,C[Si](C)(C)[O],54572-10-0,ATcT_0K,51.4013,,,,,,,,,n/a,cccbdb_defaulted
CuBr,Br[Cu],7787-70-4,Gurvich,3.36,,,,,,,,,n/a,cccbdb_defaulted
TiF4,[Ti](F)(F)(F)F,7783-63-3,JANAF,24.27,,,,,,,,,n/a,no_hfg_data
benzofuran,c1ccc2occc2c1,271-89-6,NIST,75.676,,,,,,,,,n/a,cccbdb_defaulted
"1,2-difluoroethane",FCCF,624-72-6,NIST,30.161,,,,,,,,,n/a,no_hfg_data
Vinyl_iodide,C=CI,593-66-8,ATcT_0K,21.1231,140.2,131.2,21.1166,21.3814,-0.031,1.223,0K,-0.031,ok_<1%,
malonic_acid,C(C(=O)O)C(=O)O,141-82-2,NIST,49.329,,,,,,,,,n/a,cccbdb_defaulted
Oxaziridine,C1NO1,6827-26-5,ATcT_0K,20.3288,,,,,,,,,n/a,no_hfg_data
1_5_Hexadiene,C=CCCC=C,592-42-7,ATcT_0K,65.5048,1.67,85.35,66.5988,66.2765,1.67,1.178,298K,1.178,warn_1-2%,
MgI,[Mg]I,,Gurvich,2.32,,,,,,,,,n/a,no_cas
nitromethane,C[N+](=O)[O-],75-52-5,NIST,25.32,0.4,-71.5,24.078,25.0112,-4.905,-1.22,298K,-1.22,warn_1-2%,
SOCl2,ClS(Cl)=O,7719-09-7,NIST,10.172,,,,,,,,,n/a,no_hfg_data
maleic_anhydride,O=C1OC(=O)C=C1,108-31-6,NIST,46.29,,,,,,,,,n/a,no_hfg_data
succinic_acid,C(CC(=O)O)C(=O)O,110-15-6,NIST,62.119,,,,,,,,,n/a,fetch_err:TimeoutError
2-nitrotoluene,CC1=CC=CC=C1[N+](=O)[O-],88-72-2,NIST,77.407,,,,,,,,,n/a,cccbdb_defaulted
Na2F2,F[Na].[Na]F,,JANAF,9.844,,,,,,,,,n/a,no_cas
methyl_isocyanate,CN=C=O,624-83-9,NIST,30.069,,,,,,,,,n/a,no_hfg_data
SiH2Cl2,Cl[SiH2]Cl,4109-96-0,NIST,15.019,-313.01,-320.49,14.8242,15.0187,-1.297,-0.002,298K,-0.002,ok_<1%,
CH2F2,FCF,75-10-5,CCCBDB,18.06,-444.55,-452.2,18.0578,18.2788,-0.012,1.212,0K,-0.012,ok_<1%,
Phosgene,C(=O)(Cl)Cl,75-44-5,ATcT_0K,14.6654,-218.37,-220.37,14.6721,14.8088,0.046,0.978,0K,0.046,ok_<1%,
3_4_Bis_methylene_cyclobutene,C=C1C=CC1=C,71-43-2,ATcT_0K,53.9888,100.4,82.93,56.6194,57.264,4.873,6.066,0K,4.873,fail_>2%,
SO2mol,O=S=O,7446-09-5,ATcT,11.03,-294.3,-296.81,11.0163,11.114,-0.125,0.762,0K,-0.125,ok_<1%,
Peroxyhypochlorous_acid,OOCl,67952-07-2,ATcT_0K,8.5544,,,,,,,,,n/a,cccbdb_defaulted
CH2I2,C(I)I,75-11-6,NIST,12.941,4.2,118.0,14.0269,12.9383,8.391,-0.021,298K,-0.021,ok_<1%,
succinonitrile,C(CC#N)C#N,110-61-2,NIST,47.099,0.88,209.66,48.1855,46.374,2.307,-1.539,298K,-1.539,warn_1-2%,
carbonyl_sulfide,C(=O)=S,463-58-1,NIST,14.318,-141.84,-141.7,14.2487,14.3517,-0.484,0.235,298K,0.235,ok_<1%,
Methoxymethyl,CO[CH2],16520-04-0,ATcT_0K,28.3632,,,,,,,,,n/a,no_hfg_data
Tetrafluoromethane,C(F)(F)(F)F,75-73-0,ATcT_0K,20.1929,,,,,,,,,n/a,fetch_err:TimeoutError
1_3_Butadien_2_ol,C=CC(=C)O,59120-04-6,ATcT_0K,45.8781,,,,,,,,,n/a,cccbdb_defaulted
11DFE,C=C(F)F,75-38-7,NIST,24.5,-329.48,-336.4,24.2361,24.5065,-1.077,0.026,298K,0.026,ok_<1%,
CoF2,F[Co]F,10026-17-2,JANAF,9.737,,,,,,,,,n/a,cccbdb_defaulted
SiH3Br,[SiH3]Br,,JANAF,13.323,,,,,,,,,n/a,no_cas
Chlorotrifluoromethane,C(F)(F)(F)Cl,75-72-9,ATcT_0K,18.3162,-702.71,-707.8,18.2958,18.489,-0.111,0.944,0K,-0.111,ok_<1%,
3_Butenyl,[CH2]CC=C,,ATcT_0K,42.8536,,,,,,,,,n/a,no_cas
Bromotrifluoromethane,C(F)(F)(F)Br,75-63-8,ATcT_0K,17.5556,,-648.94,,17.7813,,1.285,298K,1.285,warn_1-2%,
CrOF2,F[Cr](=O)F,,JANAF,15.241,,,,,,,,,n/a,no_cas
MgCl2,Cl[Mg]Cl,7786-30-3,JANAF,8.185,-398.89,-399.17,8.1125,8.1761,-0.885,-0.109,298K,-0.109,ok_<1%,
dimethyl_phosphite,COP(=O)OC,,NIST,49.069,,,,,,,,,n/a,no_cas
SF2,FSF,13814-25-0,JANAF,7.47,-291.0,-293.19,7.4667,7.5568,-0.045,1.162,0K,-0.045,ok_<1%,
Sulfurous_acid,OS(=O)O,7782-99-2,ATcT_0K,20.1548,,,,,,,,,n/a,no_hfg_data
nitrobenzene,C1=CC=C(C=C1)[N+](=O)[O-],98-95-3,NIST,65.229,1.6,65.6,65.3984,65.2484,0.26,0.03,298K,0.03,ok_<1%,
N2O,[N-]=[N+]=O,10024-97-2,CCCBDB,11.44,85.03,81.6,11.4317,11.5348,-0.072,0.829,0K,-0.072,ok_<1%,
CBr2F2,FC(F)(Br)Br,75-61-6,NIST,15.393,,,,,,,,,n/a,no_hfg_data
nitrosobenzene,O=NC1=CC=CC=C1,586-96-9,NIST,61.169,4.2,201.0,62.8131,61.2625,2.688,0.153,298K,0.153,ok_<1%,
Divinylacetylene,C=CC#CC=C,821-08-9,ATcT_0K,53.9183,,,,,,,,,n/a,no_hfg_data
ScBr2,Br[Sc]Br,,Gurvich,9.862,,,,,,,,,n/a,no_cas
Fulvene,C=C1C=CC=C1,497-20-1,ATcT_0K,55.2688,0.9,224.26,57.6507,55.7992,4.31,0.96,298K,0.96,ok_<1%,
MnF,[Mn]F,,CRC,4.28,,,,,,,,,n/a,no_cas
Carbon_suboxide,C(=C=O)=C=O,504-64-3,ATcT_0K,28.2157,-99.71,-97.6,28.263,28.4603,0.168,0.867,0K,0.168,ok_<1%,
pyrazine,c1cnccn1,290-37-9,NIST,46.516,1.51,196.06,48.179,46.515,3.575,-0.002,298K,-0.002,ok_<1%,
vinylacetylene,C=CC#C,689-97-4,NIST,35.03,,295.0,,35.6916,,1.889,298K,1.889,warn_1-2%,
NCl3,ClN(Cl)Cl,10025-85-1,JANAF,6.287,,,,,,,,,n/a,no_hfg_data
KOH,[K]O,1310-58-3,JANAF,8.175,,,,,,,,,n/a,fetch_err:TimeoutError
N2O4,O=[N+]([O-])[N+](=O)[O-],10544-72-6,NIST,20.013,20.4,11.11,19.7766,20.0131,-1.181,,298K,,ok_<1%,
triethyl_phosphite,CCOP(OCC)OCC,122-52-1,NIST,98.358,,,,,,,,,n/a,cccbdb_defaulted
ZnF,[Zn]F,,JANAF,3.7,,,,,,,,,n/a,no_cas
propanac,CCC(=O)O,79-09-4,ATcT,46.3,,,,,,,,,n/a,no_hfg_data
tetramethylsilane,C[Si](C)(C)C,75-76-3,NIST,63.903,3.0,-229.0,60.9436,63.8615,-4.631,-0.065,298K,-0.065,ok_<1%,
BCl3,ClB(Cl)Cl,10294-34-5,CCCBDB,13.69,-402.0,-403.0,13.6898,13.8042,-0.002,0.834,0K,-0.002,ok_<1%,
beta-propiolactone,O=C1CCO1,57-57-8,NIST,39.42,-282.3,-297.1,39.1116,39.5655,-0.782,0.369,298K,0.369,ok_<1%,
beta_propiolactone,C1CC(=O)O1,57-57-8,NIST,39.409,-282.3,-297.1,39.1116,39.5655,-0.755,0.397,298K,0.397,ok_<1%,
ethylene_carbonate,C1COC(=O)O1,96-49-1,NIST,45.142,,,,,,,,,n/a,no_hfg_data
Ni(CO)4,[Ni](=C=O)(=C=O)(=C=O)=C=O,,NIST,50.74,,,,,,,,,n/a,no_cas
Difluoromethane,C(F)F,75-10-5,ATcT_0K,18.0484,-444.55,-452.2,18.0578,18.2788,0.052,1.277,0K,0.052,ok_<1%,
Nitrosomethane,CN=O,865-40-7,ATcT_0K,20.6887,,,,,,,,,n/a,no_hfg_data
Formaldoxime,C=NO,75-17-2,ATcT_0K,21.0014,,,,,,,,,n/a,no_hfg_data
glycolic_acid,C(C(=O)O)O,79-14-1,NIST,37.689,,,,,,,,,n/a,no_hfg_data
SCl2,ClSCl,10545-99-0,NIST,5.569,,-17.57,,5.5692,,0.003,298K,0.003,ok_<1%,
AcOH,CC(O)=O,64-19-7,NIST,33.54,-418.1,-432.3,33.1481,33.5389,-1.168,-0.003,298K,-0.003,ok_<1%,
acetic_acid,CC(=O)O,64-19-7,ATcT,33.544,-418.1,-432.3,33.1481,33.5389,-1.18,-0.015,298K,-0.015,ok_<1%,
SiF3H,F[SiH](F)F,13465-71-9,JANAF,19.658,,-1200.81,,21.837,,11.084,298K,11.084,fail_>2%,
1_1_Dichloroethene,C=C(Cl)Cl,75-35-4,ATcT_0K,21.6078,3.0,2.4,21.6685,21.864,0.281,1.186,0K,0.281,ok_<1%,
trans_Cycloheptene,C1CCC=CCC1,628-92-2,ATcT_0K,77.0111,,,,,,,,,n/a,cccbdb_defaulted
Formyl_chloride,C(=O)Cl,2565-30-2,ATcT_0K,15.2746,,,,,,,,,n/a,no_hfg_data
BeI2,I[Be]I,7787-53-3,Gurvich,6.67,,,,,,,,,n/a,cccbdb_defaulted
SiH3Cl,[SiH3]Cl,13465-78-6,JANAF,13.96,-132.77,-141.84,13.9554,14.1694,-0.033,1.5,0K,-0.033,ok_<1%,
Oxiranyl,C1[CH]O1,31586-84-2,ATcT_0K,22.2306,,,,,,,,,n/a,cccbdb_defaulted
SOF2,FS(=O)F,7783-42-8,NIST,12.738,,,,,,,,,n/a,fetch_err:TimeoutError
Vinylidene_2143693,C=[C],,ATcT_0K,14.9624,,,,,,,,,n/a,no_cas
NiF3,F[Ni](F)F,,Gurvich,11.762,,,,,,,,,n/a,no_cas
SiF4,F[Si](F)(F)F,7783-61-1,NIST,24.59,-1609.49,-1615.0,24.5063,24.6931,-0.34,0.419,0K,-0.34,ok_<1%,
Isocyanomethane,C[N+]#[C-],593-75-9,ATcT_0K,24.4351,7.2,163.5,26.2617,24.8383,7.475,1.65,298K,1.65,warn_1-2%,
SiOF2,F[Si](=O)F,14041-22-6,Gurvich,18.692,,,,,,,,,n/a,cccbdb_defaulted
pyridazine,c1ccnnc1,289-80-5,NIST,45.666,1.26,278.36,48.1816,45.662,5.509,-0.009,298K,-0.009,ok_<1%,
FeBr3,Br[Fe](Br)Br,,JANAF,9.503,,,,,,,,,n/a,no_cas
HOCN,OC#N,420-05-3,NIST,18.817,,,,,,,,,n/a,no_hfg_data
CFC113a,FC(F)(F)Cl,75-72-9,NIST,18.49,-702.71,-707.8,18.2958,18.489,-1.05,-0.005,298K,-0.005,ok_<1%,
HCOOH,OC=O,64-18-6,ATcT,21.29,-371.51,-378.8,20.8162,21.0378,-2.226,-1.185,298K,-1.185,warn_1-2%,
NiF,[Ni]F,,CRC,4.36,,,,,,,,,n/a,no_cas
MgBr,[Mg]Br,,JANAF,2.922,,,,,,,,,n/a,no_cas
SiCl2,Cl[Si]Cl,13569-32-9,JANAF,8.988,-163.2,-163.07,8.7935,8.8684,-2.164,-1.33,298K,-1.33,warn_1-2%,
LiH,[Li][H],7580-67-8,ATcT,2.429,140.8,140.62,2.4308,2.453,0.073,0.988,0K,0.073,ok_<1%,
trimethylsilane,C[SiH](C)C,993-07-7,NIST,51.231,,,,,,,,,n/a,no_hfg_data
oxalic_acid,C(=O)(C(=O)O)O,144-62-7,NIST,37.289,,,,,,,,,n/a,no_hfg_data
Isofulminic_acid,C#[N+][O-],506-85-4,ATcT_0K,14.6095,,,,,,,,,n/a,no_hfg_data
S2O,S=S=O,20901-21-7,Gurvich,8.908,-54.0,-56.04,8.8167,8.9087,-1.025,0.008,298K,0.008,ok_<1%,
Cyanoacetylene,C#CC#N,1070-71-9,ATcT_0K,25.3782,,354.0,,25.773,,1.556,298K,1.556,warn_1-2%,
pyridine_N-oxide,[O-][n+]1ccccc1,694-59-7,NIST,54.85,,,,,,,,,n/a,cccbdb_defaulted
AlF3,F[Al](F)F,7784-18-1,CCCBDB,18.29,-1205.6,-1209.32,18.2894,18.4221,-0.003,0.722,0K,-0.003,ok_<1%,
HCOF,C(=O)F,1493-02-3,ATcT,17.12,,-376.56,,16.9953,,-0.728,298K,-0.728,ok_<1%,
Nitrosobenzene,C1=CC=C(C=C1)N=O,586-96-9,ATcT_0K,60.6239,4.2,201.0,62.8131,61.2625,3.611,1.053,298K,1.053,warn_1-2%,
CoCl2,Cl[Co]Cl,7646-79-9,JANAF,7.91,,,,,,,,,n/a,cccbdb_defaulted
indazole,c1ccc2[nH]ncc2c1,271-44-3,NIST,72.831,,,,,,,,,n/a,cccbdb_defaulted
PF2Cl,FP(F)Cl,14335-40-1,JANAF,13.106,,,,,,,,,n/a,cccbdb_defaulted
nitroethane,CC[N+](=O)[O-],79-24-3,NIST,37.277,,,,,,,,,n/a,cccbdb_defaulted
Chloroallene,C=C=CCl,3223-70-9,ATcT_0K,28.1922,,,,,,,,,n/a,cccbdb_defaulted
FeF2,F[Fe]F,,JANAF,10.0,,,,,,,,,n/a,no_cas
TiF,[Ti]F,,JANAF,5.84,,,,,,,,,n/a,no_cas
1_1_Dibromoethene,C=C(Br)Br,593-92-0,ATcT_0K,20.2447,,,,,,,,,n/a,no_hfg_data
CBrF3,FC(F)(F)Br,75-63-8,NIST,17.775,,-648.94,,17.7813,,0.035,298K,0.035,ok_<1%,
Ethanimine,CC=N,20729-41-3,ATcT_0K,30.241,8.0,24.0,30.7315,30.8029,1.622,1.858,0K,1.622,warn_1-2%,
SF4,FS(F)(F)F,7783-60-0,JANAF,13.86,-753.0,-760.0,13.8563,14.0404,-0.027,1.301,0K,-0.027,ok_<1%,
COCl2,ClC(Cl)=O,75-44-5,NIST,14.793,-218.37,-220.37,14.6721,14.8088,-0.817,0.107,298K,0.107,ok_<1%,
FeOH,O[Fe],,Gurvich,9.478,,,,,,,,,n/a,no_cas
NaH,[Na][H],7646-69-7,HH,1.97,126.21,124.26,2.0451,2.0857,3.813,5.872,0K,3.813,fail_>2%,
trimethylborane,CB(C)C,593-90-8,NIST,49.957,,,,,,,,,n/a,no_hfg_data
FeF,[Fe]F,,CRC,4.51,,,,,,,,,n/a,no_cas
cyanamide,NC#N,420-04-2,NIST,20.287,,134.0,,20.3558,,0.339,298K,0.339,ok_<1%,
BCl2H,ClB(Cl),,JANAF,12.931,,,,,,,,,n/a,no_cas
Si2H6,[SiH3][SiH3],1590-87-0,NIST,22.08,1.5,80.3,22.6636,22.0519,2.643,-0.127,298K,-0.127,ok_<1%,
SiF3Cl,F[Si](F)(F)Cl,14049-36-6,JANAF,21.113,,,,,,,,,n/a,cccbdb_defaulted
1_2_4_Cyclohexatriene,C1C=CC=C=C1,71-43-2,ATcT_0K,53.3265,100.4,82.93,56.6194,57.264,6.175,7.384,0K,6.175,fail_>2%,
SiH3F,[SiH3]F,,JANAF,15.95,,,,,,,,,n/a,no_cas
KH,[K][H],7693-26-7,HH,1.76,,123.01,,1.9069,,8.347,298K,8.347,fail_>2%,
NH2F,NF,15861-05-9,JANAF,11.35,,,,,,,,,n/a,no_hfg_data
TiCl,[Ti]Cl,,JANAF,4.44,,,,,,,,,n/a,no_cas
o_Benzyne,C1=CC#CC=C1,462-80-6,ATcT_0K,48.3431,10.0,440.0,53.0783,49.0445,9.795,1.451,298K,1.451,warn_1-2%,
NH3,N,7664-41-7,ATcT,12.02,-38.95,-45.94,11.9981,12.1533,-0.182,1.109,0K,-0.182,ok_<1%,
CrCl3,Cl[Cr](Cl)Cl,10025-73-7,JANAF,11.976,,,,,,,,,n/a,cccbdb_defaulted
CO,[C-]#[O+],630-08-0,ATcT,11.092,-113.81,-110.53,11.1089,11.156,0.152,0.577,0K,0.152,ok_<1%,
TiOCl2,Cl[Ti](=O)Cl,,JANAF,15.938,,,,,,,,,n/a,no_cas
PCl5,Cl[P](Cl)(Cl)(Cl)Cl,10026-13-8,NIST,12.76,-354.72,-360.18,13.1551,13.2993,3.096,4.226,0K,3.096,fail_>2%,
FeF3,F[Fe](F)F,7783-50-8,JANAF,15.282,,,,,,,,,n/a,cccbdb_defaulted
ScCl3,Cl[Sc](Cl)Cl,10361-84-9,JANAF,14.745,,,,,,,,,n/a,cccbdb_defaulted
dimethyl_methylphosphonate,CP(=O)(OC)OC,756-79-6,NIST,62.663,,,,,,,,,n/a,cccbdb_defaulted
B2H6,[BH2]([H])[BH2],,JANAF,22.631,,,,,,,,,n/a,no_cas
"1,3,5-triazine",C1=NC=NC=N1,6294-83-3,NIST,41.417,,,,,,,,,n/a,cccbdb_defaulted
ScCl2,Cl[Sc]Cl,,JANAF,10.98,,,,,,,,,n/a,no_cas
Buckminsterfullerene,C12=C3C4=C5C6=C1C7=C8C9=C1C%10=C%11C(=C29)C3=C2C3=C4C4=C5C5=C9C6=C7C6=C7C8=C1C1=C8C%10=C%10C%11=C2C2=C3C3=C4C4=C5C5=C%11C%12=C(C6=C95)C7=C1C1=C%12C5=C%11C4=C3C3=C5C(=C81)C%10=C23,99685-96-8,ATcT_0K,416.2342,13.0,13.0,442.1232,445.5372,6.22,7.04,0K,6.22,fail_>2%,
CrCl2,Cl[Cr]Cl,10049-05-5,JANAF,9.39,,,,,,,,,n/a,cccbdb_defaulted
p_Benzyne,C1=C=CC=C=C1,3355-34-8,ATcT_0K,46.9404,,,,,,,,,n/a,cccbdb_defaulted
Fe(CO)5,[Fe](=C=O)(=C=O)(=C=O)(=C=O)=C=O,13463-40-6,NIST,61.91,,,,,,,,,n/a,no_hfg_data
MnCl,[Mn]Cl,,CRC,3.53,,,,,,,,,n/a,no_cas
POCl3,ClP(Cl)(Cl)=O,10025-87-3,NIST,14.78,-554.2,-559.8,15.3014,15.4364,3.527,4.441,0K,3.527,fail_>2%,
MgCl,[Mg]Cl,,HH,3.24,,,,,,,,,n/a,no_cas
1_Chloropropyne,CC#CCl,7747-84-4,ATcT_0K,28.0875,,,,,,,,,n/a,cccbdb_defaulted
trimethyl_borate,COB(OC)OC,121-43-7,NIST,66.651,,,,,,,,,n/a,cccbdb_defaulted
Mg(OH)2,O[Mg]O,1317-43-7,Gurvich,17.029,,,,,,,,,n/a,cccbdb_defaulted
2_Cyclopropen_1_one,C1=CC1=O,2961-80-0,ATcT_0K,27.4583,,,,,,,,,n/a,no_hfg_data
Iodosilane,[SiH3]I,13598-42-0,ATcT_0K,12.3746,,-2.09,,12.5711,,1.588,298K,1.588,warn_1-2%,
hexamethyldisiloxane,C[Si](C)(C)O[Si](C)(C)C,107-46-0,NIST,105.2,,,,,,,,,n/a,cccbdb_defaulted
N2H2,N=N,3618-05-1,ATcT,11.12,,,,,,,,,n/a,cccbdb_defaulted
VF4,F[V](F)(F)F,,JANAF,21.306,,,,,,,,,n/a,no_cas
NiF2,F[Ni]F,10028-18-9,JANAF,9.58,,,,,,,,,n/a,cccbdb_defaulted
CI4,C(I)(I)(I)I,507-25-5,NIST,9.077,,267.94,,9.0801,,0.035,298K,0.035,ok_<1%,
Methylene,[CH2],2465-56-7,ATcT_0K,7.408,390.7,391.2,7.7997,7.8921,5.288,6.535,0K,5.288,fail_>2%,
ZnI2,I[Zn]I,10139-47-6,JANAF,4.192,,,,,,,,,n/a,cccbdb_defaulted
IF5,F[I](F)(F)(F)F,7783-66-6,JANAF,13.745,1.3,-881.99,5.1005,14.3621,-62.892,4.489,298K,4.489,fail_>2%,
SF6,FS(F)(F)(F)(F)F,2551-62-4,JANAF,20.459,-1206.5,-1220.47,20.1578,20.4582,-1.472,-0.004,298K,-0.004,ok_<1%,
3_Methylenecyclopropene,C=C1C=C1,4095-06-1,ATcT_0K,34.345,,,,,,,,,n/a,cccbdb_defaulted
Disulfene_oxide,O=S=S,20901-21-7,ATcT_0K,8.7766,-54.0,-56.04,8.8167,8.9087,0.457,1.505,0K,0.457,ok_<1%,
Li2O,[Li]O[Li],,JANAF,7.614,,,,,,,,,n/a,no_cas
VCl4,[V](Cl)(Cl)(Cl)Cl,7632-51-1,JANAF,15.8,,,,,,,,,n/a,cccbdb_defaulted
HBO2,OB=O,13460-50-9,JANAF,18.528,,,,,,,,,n/a,cccbdb_defaulted
COF2b,C(=O)(F)F,353-50-4,NIST,18.28,-620.0,-623.8,17.9565,18.1211,-1.77,-0.869,298K,-0.869,ok_<1%,
NiCl,[Ni]Cl,13931-83-4,CRC,3.63,,,,,,,,,n/a,cccbdb_defaulted
Isocyanic_acid,C(=N)=O,75-13-8,ATcT_0K,18.2494,-98.7,-101.7,18.0686,18.2229,-0.991,-0.145,298K,-0.145,ok_<1%,
CrF3,F[Cr](F)F,7788-97-8,JANAF,15.813,,,,,,,,,n/a,cccbdb_defaulted
Fe2O3_frag,O=[Fe]O[Fe]=O,1309-37-1,Gurvich,19.455,,,,,,,,,n/a,cccbdb_defaulted
trimethyl_phosphite,COP(OC)OC,121-45-9,NIST,61.575,,,,,,,,,n/a,cccbdb_defaulted
NHF2,FNF,10405-27-3,JANAF,10.69,,,,,,,,,n/a,no_hfg_data
Dioxyamidogen,[NH]O[O],71843-95-3,ATcT_0K,9.6294,,,,,,,,,n/a,cccbdb_defaulted
BFCl2,ClB(Cl)F,14720-31-1,JANAF,14.51,,,,,,,,,n/a,cccbdb_defaulted
POF3,FP(F)(F)=O,13478-20-1,JANAF,21.328,-1243.23,-1252.0,21.1253,21.3071,-0.95,-0.098,298K,-0.098,ok_<1%,
SF6,F[S](F)(F)(F)(F)F,2551-62-4,NIST-derived,20.27,-1206.5,-1220.47,20.1578,20.4582,-0.554,0.929,0K,-0.554,ok_<1%,
PF5,FP(F)(F)(F)F,7647-19-0,JANAF,23.67,-1582.42,-1593.3,23.6837,23.9073,0.058,1.002,0K,0.058,ok_<1%,
thiophene,c1ccsc1,110-02-1,NIST,39.56,127.18,114.9,39.9712,40.4308,1.039,2.201,0K,1.039,warn_1-2%,
H2O2,OO,7722-84-1,ATcT,11.09,,,,,,,,,n/a,fetch_err:TimeoutError
TiOH,O[Ti],,Gurvich,11.662,,,,,,,,,n/a,no_cas
AlH3,[AlH3],7784-21-6,JANAF,10.675,135.73,128.89,8.7026,8.8625,-18.477,-16.979,298K,-16.979,fail_>2%,
HNCO,N=C=O,75-13-8,ATcT,18.433,-98.7,-101.7,18.0686,18.2229,-1.977,-1.14,298K,-1.14,warn_1-2%,
Ethenedione,C(=C=O)=O,4363-38-6,ATcT_0K,19.7128,,,,,,,,,n/a,cccbdb_defaulted
CuF2,F[Cu]F,,JANAF,7.91,,,,,,,,,n/a,no_cas
CoCl,[Co]Cl,,CRC,3.51,,,,,,,,,n/a,no_cas
SiBr4,Br[Si](Br)(Br)Br,7789-66-4,JANAF,13.666,,-415.47,,13.6078,,-0.426,298K,-0.426,ok_<1%,
CrCl,[Cr]Cl,,CRC,3.78,,,,,,,,,n/a,no_cas
