name,smiles,cas,source,D_exp_eV,cccbdb_status,cccbdb_diff_pct,burcat_status,burcat_diff_pct,combined_status,best_diff_pct
"1,1,1-trichloroethane",CC(Cl)(Cl)Cl,71-55-6,NIST,26.902,ok_<1%,0.008,ok_<1%,-0.153,ok_consensus,0.008
"1,1,1-trifluoroacetone",CC(=O)C(F)(F)F,421-50-1,NIST,42.632,n/a,,n/a,,n/a,
"1,1,2-trichloroethane",ClCC(Cl)Cl,79-00-5,NIST,26.877,ok_<1%,0.232,n/a,,ok_one_source,0.232
"1,1,2-trifluoroethane",FCC(F)F,430-66-0,NIST,30.979,ok_<1%,0.919,n/a,,ok_one_source,0.919
"1,1-dichloroethane",CC(Cl)Cl,75-34-3,NIST,27.731,ok_<1%,0.18,ok_<1%,0.18,ok_consensus,0.18
"1,2,3-trimethylbenzene",Cc1cccc(C)c1C,526-73-8,NIST,94.062,n/a,,n/a,,n/a,
"1,2,4-triazole",C1=NNC=N1,288-88-0,NIST,35.201,fail_>2%,-2.464,fail_>2%,-2.532,conflict,-2.464
"1,2,4-trimethylbenzene",Cc1ccc(C)c(C)c1,95-63-6,NIST,94.107,n/a,,ok_<1%,0.001,ok_one_source,0.001
"1,2-dibromoethane",BrCCBr,106-93-4,NIST,26.616,n/a,,ok_<1%,-0.057,ok_one_source,-0.057
"1,2-dichlorobenzene",C1=CC=C(C(=C1)Cl)Cl,95-50-1,NIST,55.806,ok_<1%,-0.052,ok_<1%,0.069,ok_consensus,-0.052
"1,2-dichloroethane",C(CCl)Cl,107-06-2,NIST,27.753,ok_<1%,0.082,ok_<1%,-0.164,ok_consensus,0.082
"1,2-dichloroethane",ClCCCl,107-06-2,NIST,27.753,ok_<1%,0.082,ok_<1%,-0.164,ok_consensus,0.082
"1,2-dichloropropane",CC(CCl)Cl,78-87-5,NIST,40.05,ok_<1%,-0.021,n/a,,ok_one_source,-0.021
"1,2-difluoroethane",FCCF,624-72-6,NIST,30.161,n/a,,ok_<1%,-0.869,ok_one_source,-0.869
"1,2-epoxybutane",CCC1CO1,106-88-7,NIST,51.323,n/a,,ok_<1%,0.483,ok_one_source,0.483
"1,2-propanediol",CC(O)CO,57-55-6,NIST,49.89,ok_<1%,0.177,n/a,,ok_one_source,0.177
"1,3,5-triazine",C1=NC=NC=N1,6294-83-3,NIST,41.417,n/a,,n/a,,n/a,
"1,3,5-trimethylbenzene",Cc1cc(C)cc(C)c1,108-67-8,NIST,94.131,n/a,,ok_<1%,0.011,ok_one_source,0.011
"1,3-butanediol",CC(O)CCO,107-88-0,NIST,61.959,ok_<1%,-0.001,n/a,,ok_one_source,-0.001
"1,3-cyclohexadiene",C1CC=CC=C1,592-57-4,NIST,61.544,ok_<1%,-0.004,ok_<1%,-0.054,ok_consensus,-0.004
"1,3-dioxane",C1COCOC1,505-22-6,NIST,56.887,ok_<1%,-0.752,n/a,,ok_one_source,-0.752
"1,3-dioxolane",C1COCO1,646-06-0,NIST,44.462,ok_<1%,-0.829,n/a,,ok_one_source,-0.829
"1,3-dioxolane",C1OCOC1,646-06-0,NIST,44.529,ok_<1%,-0.978,n/a,,ok_one_source,-0.978
"1,3-propanediol",OCCCO,504-63-2,NIST,49.757,ok_<1%,-0.342,ok_<1%,-0.01,ok_consensus,-0.01
"1,4-butanediol",OCCCCO,110-63-4,NIST,61.893,ok_<1%,0.001,warn_1-2%,1.092,ok_consensus,0.001
"1,4-cyclohexadiene",C1C=CCC=C1,628-41-1,NIST,61.565,ok_<1%,-0.085,ok_<1%,-0.085,ok_consensus,-0.085
"1,4-dioxane",C1COCCO1,123-91-1,NIST,56.22,ok_<1%,-0.001,ok_<1%,0.049,ok_consensus,-0.001
"1,4-pentadiene",C=CCC=C,591-93-5,NIST,54.127,ok_<1%,-0.015,n/a,,ok_one_source,-0.015
1-PrOH,CCCO,71-23-8,NIST,45.59,ok_<1%,-0.008,ok_<1%,-0.008,ok_consensus,-0.008
1-amino-2-propanol,CC(O)CN,78-96-6,NIST,52.463,n/a,,n/a,,n/a,
1-bromobutane,CCCCBr,109-65-9,NIST,52.316,n/a,,n/a,,n/a,
1-bromopropane,CCCBr,106-94-5,NIST,40.161,ok_<1%,-0.106,n/a,,ok_one_source,-0.106
1-butanol,CCCCO,71-36-3,NIST,57.734,ok_<1%,-0.0,ok_<1%,0.025,ok_consensus,-0.0
1-butyne,CCC#C,107-00-6,NIST,41.556,ok_<1%,-0.001,ok_<1%,-0.001,ok_consensus,-0.001
1-chlorobutane,CCCCCl,109-69-3,NIST,52.906,n/a,,n/a,,n/a,
1-chloropropane,CCCCl,540-54-5,NIST,40.724,ok_<1%,-0.001,ok_<1%,-0.019,ok_consensus,-0.001
1-fluorobutane,CCCCF,2366-52-1,NIST,53.844,n/a,,n/a,,n/a,
1-heptene,CCCCCC=C,25339-56-4,NIST,84.273,n/a,,n/a,,n/a,
1-hexanol,CCCCCCO,111-27-3,NIST,82.056,n/a,,ok_<1%,0.014,ok_one_source,0.014
1-hexene,CCCCC=C,592-41-6,NIST,72.112,ok_<1%,0.006,ok_<1%,-0.033,ok_consensus,0.006
1-iodopropane,CCCI,107-08-4,NIST,39.517,n/a,,n/a,,n/a,
1-methylcyclohexene,CC1=CCCCC1,591-49-1,NIST,79.471,n/a,,n/a,,n/a,
1-methylimidazole,CN1C=CN=C1,616-47-7,NIST,51.755,n/a,,n/a,,n/a,
1-pentene,CCCC=C,109-67-1,NIST,59.954,ok_<1%,0.017,ok_<1%,-0.0,ok_consensus,-0.0
1-pentyne,CCCC#C,627-19-0,NIST,53.719,ok_<1%,-0.0,ok_<1%,-0.0,ok_consensus,-0.0
11DFE,C=C(F)F,75-38-7,NIST,24.5,ok_<1%,0.026,ok_<1%,-0.075,ok_consensus,0.026
12-crown-4,C1COCCOCCOCCO1,294-93-9,NIST,113.739,n/a,,n/a,,n/a,
12butadiene,C=C=CC,590-19-2,NIST,41.27,ok_<1%,-0.422,n/a,,ok_one_source,-0.422
135hextr,C=CC=CC=C,2235-12-3,NIST,60.93,n/a,,n/a,,n/a,
1PeOH,CCCCCO,71-41-0,NIST,69.89,ok_<1%,0.012,ok_<1%,0.037,ok_consensus,0.012
1_1_Dibromoethene,C=C(Br)Br,593-92-0,ATcT_0K,20.2447,n/a,,n/a,,n/a,
1_1_Dichloroethene,C=C(Cl)Cl,75-35-4,ATcT_0K,21.6078,ok_<1%,0.281,warn_1-2%,1.195,ok_consensus,0.281
1_1_Ethenediol,C=C(O)O,10375-04-9,ATcT_0K,31.8881,n/a,,n/a,,n/a,
1_2_4_Cyclohexatriene,C1C=CC=C=C1,71-43-2,ATcT_0K,53.3265,fail_>2%,6.175,n/a,,single_fail,6.175
1_2_Butadiene,CC=C=C,590-19-2,ATcT_0K,41.1027,ok_<1%,-0.016,n/a,,ok_one_source,-0.016
1_2_Dibromoethene,C(=CBr)Br,540-49-8,ATcT_0K,20.2872,n/a,,n/a,,n/a,
1_2_Dichloroethene,C(=CCl)Cl,540-59-0,ATcT_0K,21.6646,n/a,,ok_<1%,0.872,ok_one_source,0.872
1_3_Butadien_2_ol,C=CC(=C)O,59120-04-6,ATcT_0K,45.8781,n/a,,warn_1-2%,1.48,ok_one_source,1.48
1_3_Cycloheptadiene,C1CC=CC=CC1,4054-38-0,ATcT_0K,72.7223,n/a,,n/a,,n/a,
1_5_Hexadiene,C=CCCC=C,592-42-7,ATcT_0K,65.5048,warn_1-2%,1.178,n/a,,ok_one_source,1.178
1_Chloropropyne,CC#CCl,7747-84-4,ATcT_0K,28.0875,n/a,,warn_1-2%,1.129,ok_one_source,1.129
1_Phenylethenol,C=C(C1=CC=CC=C1)O,4383-15-7,ATcT_0K,79.5546,n/a,,n/a,,n/a,
1butene,C=CCC,106-98-9,NIST,47.79,ok_<1%,0.004,ok_<1%,0.005,ok_consensus,0.004
1penten,C=CCCC,109-67-1,NIST,59.95,ok_<1%,0.024,ok_<1%,0.006,ok_consensus,0.006
"2,2,3-trimethylbutane",CC(C)C(C)(C)C,464-06-2,NIST,90.264,n/a,,n/a,,n/a,
"2,2-dimethylbutane",CCC(C)(C)C,75-83-2,NIST,78.126,ok_<1%,-0.026,ok_<1%,-0.024,ok_consensus,-0.024
"2,3-dimethyl-1,3-butadiene",CC(=C)C(=C)C,513-81-5,NIST,66.664,n/a,,n/a,,n/a,
"2,3-dimethyl-2-butene",CC(=C(C)C)C,563-79-1,NIST,72.386,ok_<1%,0.031,n/a,,ok_one_source,0.031
"2,3-dimethylhexane",CCC(C)C(C)CC,583-48-2,NIST,102.309,n/a,,n/a,,n/a,
"2,3-dimethylpentane",CC(C)C(C)CC,565-59-3,NIST,90.157,n/a,,n/a,,n/a,
"2,4-dimethylhexane",CC(C)CCC(C)C,592-13-2,NIST,102.295,n/a,,n/a,,n/a,
"2,4-dimethylpentane",CC(C)CC(C)C,108-08-7,NIST,90.236,n/a,,n/a,,n/a,
"2,5-dimethylfuran",Cc1ccc(C)o1,625-86-5,NIST,66.305,n/a,,n/a,,n/a,
"2,6-dimethylpyridine",CC1=CC=CC(=N1)C,108-48-5,NIST,76.62,n/a,,n/a,,n/a,
"2,6-dimethylpyridine",Cc1cccc(C)n1,108-48-5,NIST,76.623,n/a,,n/a,,n/a,
2-PrOH,CC(O)C,67-63-0,NIST,45.77,ok_<1%,-0.005,ok_<1%,0.036,ok_consensus,-0.005
2-acetylpyridine,CC(=O)c1ccccn1,1122-62-9,NIST,75.92,n/a,,ok_<1%,-0.18,ok_one_source,-0.18
2-aminophenol,NC1=CC=CC=C1O,95-55-6,NIST,68.549,n/a,,n/a,,n/a,
2-aminopyridine,Nc1ccccn1,504-29-0,NIST,59.27,n/a,,ok_<1%,-0.01,ok_one_source,-0.01
2-azetidinone,O=C1CCN1,930-21-2,NIST,42.057,n/a,,n/a,,n/a,
2-bromopropane,CC(Br)C,75-26-3,NIST,40.289,n/a,,n/a,,n/a,
2-butanol,CCC(C)O,78-92-2,NIST,57.923,n/a,,ok_<1%,0.045,ok_one_source,0.045
2-butanol,CCC(O)C,78-92-2,NIST,57.922,n/a,,ok_<1%,0.046,ok_one_source,0.046
2-butanone,CCC(=O)C,78-93-3,NIST,52.846,ok_<1%,-0.007,ok_<1%,0.016,ok_consensus,-0.007
2-butene_trans,CC=CC,107-01-7,NIST,47.903,n/a,,n/a,,n/a,
2-chloropropane,CC(Cl)C,75-29-6,NIST,40.858,ok_<1%,-0.002,ok_<1%,0.009,ok_consensus,-0.002
2-chlorotoluene,CC1=CC=CC=C1Cl,95-49-8,NIST,69.047,n/a,,n/a,,n/a,
2-cyanopyridine,N#Cc1ccccn1,100-70-9,NIST,60.494,n/a,,n/a,,n/a,
2-ethylhexanol,CCCCC(CC)CO,104-76-7,NIST,106.46,n/a,,n/a,,n/a,
2-ethylpyridine,CCc1ccccn1,100-71-0,NIST,76.448,n/a,,n/a,,n/a,
2-furaldehyde,O=Cc1ccco1,98-01-1,NIST,52.907,n/a,,ok_<1%,-0.027,ok_one_source,-0.027
2-hexanone,CCCCC(=O)C,591-78-6,NIST,77.164,n/a,,n/a,,n/a,
2-methoxyethanol,COCCO,109-86-4,NIST,49.43,n/a,,n/a,,n/a,
"2-methyl-1,3-propanediol",OCC(C)CO,2163-42-0,NIST,62.043,n/a,,n/a,,n/a,
2-methyl-1-butene,CCC(=C)C,563-46-2,NIST,60.098,ok_<1%,-0.005,ok_<1%,-0.022,ok_consensus,-0.005
2-methyl-2-butanol,CCC(C)(C)O,75-85-4,NIST,70.25,n/a,,n/a,,n/a,
2-methyl-2-butene,CC=C(C)C,513-35-9,NIST,60.166,ok_<1%,-0.016,ok_<1%,-0.034,ok_consensus,-0.016
2-methylbutane,CCC(C)C,78-78-4,NIST,65.845,ok_<1%,-0.0,ok_<1%,-0.0,ok_consensus,-0.0
2-methylfuran,CC1=CC=CO1,534-22-5,NIST,53.924,n/a,,ok_<1%,0.308,ok_one_source,0.308
2-methylfuran,Cc1ccco1,534-22-5,NIST,54.07,n/a,,ok_<1%,0.037,ok_one_source,0.037
2-methylhexane,CCCCC(C)C,591-76-4,NIST,90.162,ok_<1%,0.005,n/a,,ok_one_source,0.005
2-methylimidazole,CC1=NC=CN1,693-98-1,NIST,52.237,ok_<1%,-0.195,n/a,,ok_one_source,-0.195
2-methylpentane,CCCC(C)C,107-83-5,NIST,78.011,ok_<1%,-0.004,ok_<1%,-0.042,ok_consensus,-0.004
2-methylpyridine,CC1=CC=CC=N1,109-06-8,NIST,64.254,fail_>2%,2.027,n/a,,single_fail,2.027
2-methylpyridine,Cc1ccccn1,109-06-8,NIST,64.254,fail_>2%,2.027,n/a,,single_fail,2.027
2-methyltetrahydrofuran,CC1CCCO1,96-47-9,NIST,64.653,n/a,,ok_<1%,-0.007,ok_one_source,-0.007
2-methylthiophene,CC1=CC=CS1,554-14-3,NIST,52.703,ok_<1%,-0.017,n/a,,ok_one_source,-0.017
2-methylthiophene,Cc1cccs1,554-14-3,NIST,54.963,fail_>2%,-3.337,n/a,,single_fail,-3.337
2-nitrotoluene,CC1=CC=CC=C1[N+](=O)[O-],88-72-2,NIST,77.407,n/a,,ok_<1%,0.151,ok_one_source,0.151
2-pentanol,CCCC(C)O,6032-29-7,NIST,70.099,ok_<1%,-0.017,ok_<1%,0.025,ok_consensus,-0.017
2-phenylethanol,OCCC1=CC=CC=C1,60-12-8,NIST,85.865,n/a,,n/a,,n/a,
2-pyrrolidone,O=C1CCCN1,616-45-5,NIST,55.445,ok_<1%,-0.704,n/a,,ok_one_source,-0.704
23DMbut,CC(C)C(C)C,79-29-8,NIST,78.03,ok_<1%,0.015,ok_<1%,-0.01,ok_consensus,-0.01
2_Bromoethanol,C(CBr)O,540-51-2,ATcT_0K,31.694,n/a,,warn_1-2%,1.439,ok_one_source,1.439
2_Butynyl,CC#C[CH2],,ATcT_0K,37.3914,n/a,,n/a,,n/a,
2_Chloroethanol,C(CCl)O,107-07-3,ATcT_0K,32.3289,n/a,,warn_1-2%,1.031,ok_one_source,1.031
2_Cyclopropen_1_imine,C1=CC1=N,31589-17-0,ATcT_0K,29.5484,n/a,,n/a,,n/a,
2_Cyclopropen_1_one,C1=CC1=O,2961-80-0,ATcT_0K,27.4583,n/a,,n/a,,n/a,
2_Fluoroethanol,C(CF)O,371-62-0,ATcT_0K,33.5057,n/a,,ok_<1%,0.832,ok_one_source,0.832
2_Iodoethanol,C(CI)O,624-76-0,ATcT_0K,30.9735,n/a,,warn_1-2%,1.375,ok_one_source,1.375
2_Methylallyl,CC(=C)[CH2],,ATcT_0K,43.551,n/a,,n/a,,n/a,
2butyne,CC#CC,503-17-3,NIST,41.44,ok_<1%,-0.41,ok_<1%,0.765,ok_consensus,-0.41
2pentanon,CC(=O)CCC,107-87-9,NIST,65.0,ok_<1%,0.001,n/a,,ok_one_source,0.001
"3,3-dimethylhexane",CCC(C)(C)CCC,563-16-6,NIST,102.372,n/a,,n/a,,n/a,
"3,3-dimethylpentane",CCC(C)(C)CC,562-49-2,NIST,90.231,n/a,,ok_<1%,-0.022,ok_one_source,-0.022
3-acetylpyridine,CC(=O)c1cccnc1,350-03-8,NIST,75.978,n/a,,n/a,,n/a,
3-aminopyridine,Nc1cccnc1,462-08-8,NIST,58.999,n/a,,n/a,,n/a,
3-cyanopyridine,N#Cc1cccnc1,100-54-9,NIST,60.523,n/a,,n/a,,n/a,
3-ethylpentane,CCC(CC)CC,617-78-7,NIST,90.11,n/a,,n/a,,n/a,
3-hydroxypyridine,Oc1cccnc1,109-00-2,NIST,56.371,ok_<1%,-0.0,n/a,,ok_one_source,-0.0
3-methyl-1-butene,CC(C)C=C,563-45-1,NIST,60.019,n/a,,ok_<1%,0.01,ok_one_source,0.01
3-methylhexane,CCCC(C)CC,589-34-4,NIST,90.128,ok_<1%,0.011,n/a,,ok_one_source,0.011
3-methylpentane,CCC(C)CC,96-14-0,NIST,77.983,ok_<1%,-0.002,ok_<1%,-0.028,ok_consensus,-0.002
3-methylpyridine,CC1=CN=CC=C1,108-99-6,NIST,64.179,n/a,,n/a,,n/a,
3-methylpyridine,Cc1cccnc1,108-99-6,NIST,64.18,n/a,,n/a,,n/a,
3-methylthiophene,Cc1ccsc1,616-44-4,NIST,54.973,fail_>2%,-3.355,n/a,,single_fail,-3.355
3-nitrotoluene,CC1=CC(=CC=C1)[N+](=O)[O-],99-08-1,NIST,77.613,n/a,,n/a,,n/a,
3-pentanone,CCC(=O)CC,96-22-0,NIST,64.998,ok_<1%,-0.086,n/a,,ok_one_source,-0.086
3_4_Bis_methylene_cyclobutene,C=C1C=CC1=C,71-43-2,ATcT_0K,53.9888,fail_>2%,4.873,n/a,,single_fail,4.873
3_Buten_2_one,CC(=O)C=C,78-94-4,ATcT_0K,46.4575,n/a,,warn_1-2%,1.129,ok_one_source,1.129
3_Butenyl,[CH2]CC=C,,ATcT_0K,42.8536,n/a,,n/a,,n/a,
3_Dioxiranone,C1(=O)OO1,94660-13-6,ATcT_0K,16.7055,n/a,,n/a,,n/a,
3_Methylenecyclopropene,C=C1C=C1,4095-06-1,ATcT_0K,34.345,n/a,,n/a,,n/a,
4-acetylpyridine,CC(=O)c1ccncc1,1122-54-9,NIST,75.982,n/a,,n/a,,n/a,
4-aminophenol,NC1=CC=C(O)C=C1,123-30-8,NIST,68.559,n/a,,n/a,,n/a,
4-aminopyridine,Nc1ccncc1,504-24-5,NIST,59.148,n/a,,n/a,,n/a,
4-cyanopyridine,N#Cc1ccncc1,100-48-1,NIST,60.465,n/a,,n/a,,n/a,
4-fluorotoluene,CC1=CC=C(F)C=C1,352-32-9,NIST,70.403,n/a,,n/a,,n/a,
4-hydroxypyridine,Oc1ccncc1,626-64-2,NIST,56.232,ok_<1%,-0.0,n/a,,ok_one_source,-0.0
4-methylpyridine,CC1=CC=NC=C1,108-89-4,NIST,64.203,n/a,,n/a,,n/a,
4-methylpyridine,Cc1ccncc1,108-89-4,NIST,64.203,n/a,,n/a,,n/a,
4-nitrotoluene,CC1=CC=C(C=C1)[N+](=O)[O-],99-99-0,NIST,77.554,n/a,,ok_<1%,0.001,ok_one_source,0.001
Ac2O,CC(=O)OC(=O)C,108-24-7,NIST,56.99,n/a,,n/a,,n/a,
AcOH,CC(O)=O,64-19-7,NIST,33.54,ok_<1%,-0.003,ok_<1%,0.025,ok_consensus,-0.003
Acetone_enol,CC(=C)O,29456-04-0,ATcT_0K,39.6181,fail_>2%,-2.024,n/a,,single_fail,-2.024
Acetyl_chloride,CC(=O)Cl,75-36-5,ATcT_0K,27.6716,ok_<1%,0.032,warn_1-2%,1.101,ok_consensus,0.032
Ag2,[Ag][Ag],7230-74-2,HH,1.66,n/a,,n/a,,n/a,
AgCl,[Ag]Cl,7783-90-6,Luo2007,3.24,n/a,,n/a,,n/a,
AgF,[Ag]F,,Luo2007,3.54,n/a,,n/a,,n/a,
AgH,[Ag][H],13967-01-6,HH,2.29,n/a,,n/a,,n/a,
Al2,[Al]=[Al],32752-94-6,HH,1.55,fail_>2%,-13.943,fail_>2%,6.117,conflict,6.117
AlBr3,Br[Al](Br)Br,7727-15-3,JANAF,11.304,warn_1-2%,-1.34,warn_1-2%,-1.337,ok_consensus,-1.337
AlCl,[Al]Cl,13595-81-8,JANAF,5.13,ok_<1%,0.728,warn_1-2%,1.483,ok_consensus,0.728
AlCl2,Cl[Al]Cl,,JANAF,8.837,n/a,,n/a,,n/a,
AlCl3,Cl[Al](Cl)Cl,7446-70-0,CCCBDB,13.16,ok_<1%,-0.058,ok_<1%,0.696,ok_consensus,-0.058
AlF,[Al]F,13595-82-9,JANAF,6.88,ok_<1%,0.957,warn_1-2%,1.449,ok_consensus,0.957
AlF3,F[Al](F)F,7784-18-1,CCCBDB,18.29,ok_<1%,-0.003,ok_<1%,0.72,ok_consensus,-0.003
AlH,[Al][H],13967-22-1,HH,2.98,fail_>2%,2.242,ok_<1%,0.373,one_source_fail,0.373
AlO,[Al]=O,14457-64-8,HH,5.27,ok_<1%,-0.26,ok_<1%,0.748,ok_consensus,-0.26
Allyl,C=C[CH2],1981-80-2,ATcT_0K,31.4505,warn_1-2%,1.138,warn_1-2%,1.271,ok_consensus,1.138
Au2,[Au][Au],,Morse2019,2.29,n/a,,n/a,,n/a,
AuH,[Au][H],,Luo2007,3.11,n/a,,n/a,,n/a,
Aziridine,C1CN1,151-56-4,ATcT_0K,29.3328,ok_<1%,0.016,warn_1-2%,1.273,ok_consensus,0.016
B2,[B]=[B],14452-61-0,HH,3.02,ok_<1%,-0.41,fail_>2%,-6.437,one_source_fail,-0.41
B2H6,[BH2]([H])[BH2],,JANAF,22.631,n/a,,n/a,,n/a,
BCl,[B]Cl,20583-55-5,HH,5.17,fail_>2%,2.258,ok_<1%,0.862,one_source_fail,0.862
BCl2H,ClB(Cl),,JANAF,12.931,n/a,,n/a,,n/a,
BCl3,ClB(Cl)Cl,10294-34-5,CCCBDB,13.69,ok_<1%,-0.002,ok_<1%,0.948,ok_consensus,-0.002
BF,[B]F,13768-60-0,HH,7.81,ok_<1%,-0.296,n/a,,ok_one_source,-0.296
BF2Cl,FB(F)Cl,14720-30-0,JANAF,17.071,fail_>2%,5.057,fail_>2%,5.219,conflict,5.057
BF3,FB(F)F,7637-07-2,ATcT,20.01,ok_<1%,-0.297,ok_<1%,0.439,ok_consensus,-0.297
BFCl2,ClB(Cl)F,14720-31-1,JANAF,14.51,n/a,,fail_>2%,9.284,single_fail,9.284
BH,[B][H],,HH,3.42,n/a,,n/a,,n/a,
BH3,[BH3],13283-31-3,JANAF,11.535,ok_<1%,0.291,ok_<1%,0.116,ok_consensus,0.116
BN,[B]=[N],,CRC/Luo,3.9,n/a,,n/a,,n/a,
BO,[B]#[O],12505-77-0,HH,8.28,n/a,,n/a,,n/a,
BS,[B]#[S],,HH,5.8,n/a,,n/a,,n/a,
BeCl,[Be]Cl,,JANAF,3.85,n/a,,n/a,,n/a,
BeCl2,Cl[Be]Cl,7787-47-5,CCCBDB,9.55,ok_<1%,0.097,n/a,,ok_one_source,0.097
BeF,[Be]F,,JANAF,5.85,n/a,,n/a,,n/a,
BeF2,F[Be]F,7787-49-7,CCCBDB,13.17,n/a,,n/a,,n/a,
BeH,[Be][H],,HH,2.034,n/a,,n/a,,n/a,
BeI2,I[Be]I,7787-53-3,Gurvich,6.67,n/a,,n/a,,n/a,
BeO,[Be]=O,1304-56-9,HH,4.54,ok_<1%,-0.288,n/a,,ok_one_source,-0.288
Benzene,C1=CC=CC=C1,71-43-2,ATcT_0K,56.6295,ok_<1%,-0.018,n/a,,ok_one_source,-0.018
Benzoyl_chloride,C1=CC=C(C=C1)C(=O)Cl,98-88-4,ATcT_0K,67.5394,n/a,,n/a,,n/a,
Benzoyl_fluoride,C1=CC=C(C=C1)C(=O)F,455-32-3,ATcT_0K,69.1569,n/a,,n/a,,n/a,
Benzyl,[CH2]C1=CC=CC=C1,2154-56-5,ATcT_0K,64.8993,ok_<1%,0.031,n/a,,ok_one_source,0.031
Biallenyl,C=C=CC=C=C,29776-96-3,ATcT_0K,53.3265,n/a,,warn_1-2%,1.026,ok_one_source,1.026
Br2,BrBr,7726-95-6,ATcT,1.971,n/a,,warn_1-2%,1.413,ok_one_source,1.413
BrCl,ClBr,13863-41-7,ATcT_0K,2.173,fail_>2%,2.698,fail_>2%,4.158,conflict,2.698
BrF,FBr,13863-59-7,JANAF,2.55,ok_<1%,0.139,warn_1-2%,1.651,ok_consensus,0.139
BrF3,F[Br](F)F,7787-71-5,JANAF,6.277,n/a,,n/a,,n/a,
Bromochloromethane,C(Cl)Br,74-97-5,ATcT_0K,14.5438,ok_<1%,0.234,fail_>2%,2.037,one_source_fail,0.234
Bromodichloromethane,C(Cl)(Cl)Br,75-27-4,ATcT_0K,13.614,ok_<1%,0.688,fail_>2%,2.061,one_source_fail,0.688
Bromofluoromethane,C(F)Br,373-52-4,ATcT_0K,15.8576,fail_>2%,-12.53,warn_1-2%,1.72,one_source_fail,1.72
Bromoform,C(Br)(Br)Br,75-25-2,ATcT_0K,12.2645,warn_1-2%,1.408,fail_>2%,3.343,one_source_fail,1.408
Bromotrichloromethane,C(Cl)(Cl)(Cl)Br,75-62-7,ATcT_0K,12.5603,warn_1-2%,1.862,fail_>2%,2.253,one_source_fail,1.862
Bromotrifluoromethane,C(F)(F)(F)Br,75-63-8,ATcT_0K,17.5556,warn_1-2%,1.285,warn_1-2%,1.277,ok_consensus,1.277
Buckminsterfullerene,C12=C3C4=C5C6=C1C7=C8C9=C1C%10=C%11C(=C29)C3=C2C3=C4C4=C5C5=C9C6=C7C6=C7C8=C1C1=C8C%10=C%10C%11=C2C2=C3C3=C4C4=C5C5=C%11C%12=C(C6=C95)C7=C1C1=C%12C5=C%11C4=C3C3=C5C(=C81)C%10=C23,99685-96-8,ATcT_0K,416.2342,fail_>2%,6.22,ok_<1%,0.698,one_source_fail,0.698
Butatriene,C=C=C=C,2873-50-9,ATcT_0K,35.0462,n/a,,n/a,,n/a,
C2,[C]#[C],,Bao2021,6.248,n/a,,n/a,,n/a,
C2F6,FC(F)(F)C(F)(F)F,76-16-4,NIST,33.722,ok_<1%,-0.004,ok_<1%,0.23,ok_consensus,-0.004
C2H2,C#C,74-86-2,ATcT,17.07,ok_<1%,-0.307,ok_<1%,-0.355,ok_consensus,-0.307
C2H4,C=C,74-85-1,ATcT,23.09,ok_<1%,-0.104,warn_1-2%,1.122,ok_consensus,-0.104
C2H6,CC,74-84-0,ATcT,28.89,ok_<1%,-0.018,warn_1-2%,1.354,ok_consensus,-0.018
CBr2F2,FC(F)(Br)Br,75-61-6,NIST,15.393,n/a,,ok_<1%,-0.102,ok_one_source,-0.102
CBr4,BrC(Br)(Br)Br,558-13-4,NIST,10.88,ok_<1%,-0.533,fail_>2%,3.365,one_source_fail,-0.533
CBrCl3,ClC(Cl)(Cl)Br,75-62-7,NIST,12.867,ok_<1%,-0.566,ok_<1%,-0.184,ok_consensus,-0.184
CBrF3,FC(F)(F)Br,75-63-8,NIST,17.775,ok_<1%,0.035,ok_<1%,0.027,ok_consensus,0.027
CCl,[C]Cl,,HH,3.96,n/a,,n/a,,n/a,
CCl4mol,ClC(Cl)(Cl)Cl,56-23-5,NIST,13.01,fail_>2%,2.211,n/a,,single_fail,2.211
CF,[C]F,,HH,5.56,n/a,,n/a,,n/a,
CF3Me,CC(F)(F)F,420-46-2,NIST,31.54,warn_1-2%,1.02,ok_<1%,0.918,ok_consensus,0.918
CF4,FC(F)(F)F,75-73-0,ATcT,20.2,ok_<1%,-0.081,ok_<1%,0.944,ok_consensus,-0.081
CFC113a,FC(F)(F)Cl,75-72-9,NIST,18.49,ok_<1%,-0.005,ok_<1%,-0.207,ok_consensus,-0.005
CFC12,FC(F)(Cl)Cl,75-71-8,NIST,16.54,ok_<1%,0.512,warn_1-2%,1.127,ok_consensus,0.512
CFCl3,FC(Cl)(Cl)Cl,75-69-4,NIST,14.81,ok_<1%,0.013,warn_1-2%,1.518,ok_consensus,0.013
CH,[C][H],,ATcT,3.465,n/a,,n/a,,n/a,
CH2Br2,BrCBr,74-95-3,NIST,14.09,ok_<1%,0.51,warn_1-2%,1.011,ok_consensus,0.51
CH2Cl2,ClCCl,75-09-2,NIST,15.45,ok_<1%,-0.028,ok_<1%,-0.319,ok_consensus,-0.028
CH2F2,FCF,75-10-5,CCCBDB,18.06,ok_<1%,-0.012,warn_1-2%,1.241,ok_consensus,-0.012
CH2I2,C(I)I,75-11-6,NIST,12.941,ok_<1%,-0.021,n/a,,ok_one_source,-0.021
CH2NH,C=N,27770-42-9,ATcT,18.11,n/a,,fail_>2%,-12.59,single_fail,-12.59
CH2O,C=O,50-00-0,ATcT,15.46,ok_<1%,0.221,warn_1-2%,1.298,ok_consensus,0.221
CH3Br,CBr,74-83-9,NIST,15.69,n/a,,ok_<1%,0.335,ok_one_source,0.335
CH3CHO,CC=O,75-07-0,ATcT,28.02,ok_<1%,-0.368,ok_<1%,0.803,ok_consensus,-0.368
CH3Cl,CCl,74-87-3,NIST,16.31,ok_<1%,0.011,ok_<1%,0.017,ok_consensus,0.011
CH3F,CF,593-53-3,ATcT,18.1,fail_>2%,-2.367,fail_>2%,-3.422,conflict,-2.367
CH3I,CI,74-88-4,NIST,15.1,ok_<1%,0.349,ok_<1%,0.431,ok_consensus,0.349
CH3OH,CO,67-56-1,ATcT,21.29,ok_<1%,-0.746,ok_<1%,-0.746,ok_consensus,-0.746
CH3SH,CS,74-93-1,NIST,19.58,ok_<1%,-0.027,ok_<1%,-0.044,ok_consensus,-0.027
CH4,C,74-82-8,ATcT,17.04,ok_<1%,-0.131,warn_1-2%,1.165,ok_consensus,-0.131
CHCl3,C(Cl)(Cl)Cl,67-66-3,NIST,14.53,ok_<1%,-0.046,ok_<1%,-0.03,ok_consensus,-0.03
CHClF,ClCF,593-70-4,NIST,16.73,ok_<1%,0.067,ok_<1%,0.567,ok_consensus,0.067
CHF2Cl,FC(F)Cl,75-45-6,NIST,17.603,ok_<1%,-0.124,ok_<1%,-0.512,ok_consensus,-0.124
CHF3,C(F)(F)F,75-46-7,ATcT,19.52,n/a,,ok_<1%,-0.918,ok_one_source,-0.918
CHF3,FC(F)F,75-46-7,NIST,19.341,ok_<1%,0.182,ok_<1%,-0.001,ok_consensus,-0.001
CHFCl2,FC(Cl)Cl,75-43-4,NIST,15.977,ok_<1%,-0.105,ok_<1%,0.003,ok_consensus,0.003
CI4,C(I)(I)(I)I,507-25-5,NIST,9.077,ok_<1%,0.035,n/a,,ok_one_source,0.035
CN,[C]#[N],,ATcT,7.72,n/a,,n/a,,n/a,
CO,[C-]#[O+],630-08-0,ATcT,11.092,ok_<1%,0.152,ok_<1%,0.577,ok_consensus,0.152
CO2,O=C=O,124-38-9,ATcT,16.56,n/a,,ok_<1%,0.673,ok_one_source,0.673
COCl2,ClC(Cl)=O,75-44-5,NIST,14.793,ok_<1%,0.107,ok_<1%,0.116,ok_consensus,0.107
COF2b,C(=O)(F)F,353-50-4,NIST,18.28,ok_<1%,-0.869,ok_<1%,0.055,ok_consensus,0.055
CP,[C]=[P],,HH,5.33,n/a,,n/a,,n/a,
CS,[C]#[S],,HH,7.36,n/a,,n/a,,n/a,
CaCl,[Ca]Cl,,HH,4.13,n/a,,n/a,,n/a,
CaF,[Ca]F,,HH,5.29,n/a,,n/a,,n/a,
CaF2,F[Ca]F,7789-75-5,JANAF,11.684,ok_<1%,0.005,n/a,,ok_one_source,0.005
Carbon_dioxide_124389,C(=O)=O,124-38-9,ATcT_0K,16.5642,ok_<1%,-0.012,ok_<1%,0.647,ok_consensus,-0.012
Carbon_suboxide,C(=C=O)=C=O,504-64-3,ATcT_0K,28.2157,ok_<1%,0.168,n/a,,ok_one_source,0.168
Carbonic_acid,C(=O)(O)O,463-79-6,ATcT_0K,25.3439,n/a,,warn_1-2%,1.041,ok_one_source,1.041
Chloroallene,C=C=CCl,3223-70-9,ATcT_0K,28.1922,n/a,,warn_1-2%,1.099,ok_one_source,1.099
Chlorodibromomethane,C(Cl)(Br)Br,124-48-1,ATcT_0K,12.9481,ok_<1%,0.824,fail_>2%,2.671,one_source_fail,0.824
Chlorodifluoromethane,C(F)(F)Cl,75-45-6,ATcT_0K,17.3838,warn_1-2%,1.135,ok_<1%,0.743,ok_consensus,0.743
Chlorofluoromethane,C(F)Cl,593-70-4,ATcT_0K,16.5502,warn_1-2%,1.154,warn_1-2%,1.66,ok_consensus,1.154
Chlorotrifluoromethane,C(F)(F)(F)Cl,75-72-9,ATcT_0K,18.3162,ok_<1%,-0.111,ok_<1%,0.74,ok_consensus,-0.111
Cl2,ClCl,7782-50-5,ATcT,2.51,ok_<1%,0.175,ok_<1%,0.175,ok_consensus,0.175
Cl2O,ClOCl,7791-21-1,NIST,4.265,ok_<1%,-0.177,ok_<1%,-0.808,ok_consensus,-0.177
ClF,FCl,7790-89-8,JANAF,2.62,ok_<1%,-0.72,ok_<1%,-0.719,ok_consensus,-0.719
ClF3,F[Cl](F)F,7790-91-2,JANAF,5.417,n/a,,n/a,,n/a,
ClNO,ClN=O,2696-92-6,NIST,8.203,ok_<1%,-0.127,ok_<1%,-0.105,ok_consensus,-0.105
ClO,[Cl][O],,HH,2.75,n/a,,n/a,,n/a,
ClO2_rad,O=[Cl]=O,,JANAF,5.338,n/a,,n/a,,n/a,
CoCl,[Co]Cl,,CRC,3.51,n/a,,n/a,,n/a,
CoCl2,Cl[Co]Cl,7646-79-9,JANAF,7.91,n/a,,n/a,,n/a,
CoF2,F[Co]F,10026-17-2,JANAF,9.737,n/a,,n/a,,n/a,
CoO,[Co]=O,791121-04-5,CRC,3.94,n/a,,ok_<1%,-0.677,ok_one_source,-0.677
Cr2,[Cr][Cr],,Casey1993,1.53,n/a,,n/a,,n/a,
CrCl,[Cr]Cl,,CRC,3.78,n/a,,n/a,,n/a,
CrCl2,Cl[Cr]Cl,10049-05-5,JANAF,9.39,n/a,,fail_>2%,-16.468,single_fail,-16.468
CrCl3,Cl[Cr](Cl)Cl,10025-73-7,JANAF,11.976,n/a,,fail_>2%,-9.693,single_fail,-9.693
CrF,[Cr]F,,CRC,4.56,n/a,,n/a,,n/a,
CrF2,F[Cr]F,10049-10-2,JANAF,11.36,n/a,,n/a,,n/a,
CrF3,F[Cr](F)F,7788-97-8,JANAF,15.813,n/a,,n/a,,n/a,
CrF6,F[Cr](F)(F)(F)(F)F,13843-28-2,Gurvich,23.35,n/a,,n/a,,n/a,
CrO,[Cr]=O,196696-65-8,CRC,4.649,n/a,,n/a,,n/a,
CrO3,O=[Cr](=O)=O,1333-82-0,JANAF,14.9,n/a,,warn_1-2%,1.986,ok_one_source,1.986
CrOF2,F[Cr](=O)F,,JANAF,15.241,n/a,,n/a,,n/a,
Cu2,[Cu][Cu],,Gong2014,1.886,n/a,,n/a,,n/a,
CuBr,Br[Cu],7787-70-4,Gurvich,3.36,n/a,,n/a,,n/a,
CuBr2,Br[Cu]Br,7789-45-9,Gurvich,5.267,n/a,,n/a,,n/a,
CuCl,Cl[Cu],7758-89-6,HH,3.75,warn_1-2%,1.103,warn_1-2%,1.602,ok_consensus,1.103
CuCl,[Cu]Cl,7758-89-6,Luo2007,3.83,ok_<1%,-0.522,ok_<1%,-0.521,ok_consensus,-0.521
CuCl2,Cl[Cu]Cl,7447-39-4,JANAF,6.46,n/a,,n/a,,n/a,
CuF,[Cu]F,13478-41-6,HH,4.42,ok_<1%,0.672,warn_1-2%,-1.568,ok_consensus,0.672
CuF2,F[Cu]F,,JANAF,7.91,n/a,,n/a,,n/a,
CuH,[Cu][H],13517-00-5,HH,2.64,n/a,,n/a,,n/a,
CuO,[Cu]=O,163686-95-1,CRC,2.75,n/a,,n/a,,n/a,
Cyanoacetylene,C#CC#N,1070-71-9,ATcT_0K,25.3782,warn_1-2%,1.556,ok_<1%,0.515,ok_consensus,0.515
Cyclobutene,C1CC=C1,822-35-5,ATcT_0K,41.0822,ok_<1%,0.084,warn_1-2%,1.367,ok_consensus,0.084
Cycloheptatriene,C1C=CC=CC=C1,544-25-2,ATcT_0K,67.3747,n/a,,warn_1-2%,-1.708,ok_one_source,-1.708
Cyclopropanone,C1CC1=O,5009-27-8,ATcT_0K,33.3172,ok_<1%,0.8,n/a,,ok_one_source,0.8
DIPK,CC(C)C(=O)C(C)C,565-80-0,NIST,89.436,n/a,,n/a,,n/a,
DMA,CNC,124-40-3,NIST,36.34,warn_1-2%,-1.587,warn_1-2%,-1.521,ok_consensus,-1.521
DMC,COC(=O)OC,616-38-6,NIST,49.33,n/a,,ok_<1%,0.578,ok_one_source,0.578
DMDSch,CSCSC,1618-26-4,NIST,46.73,n/a,,n/a,,n/a,
DME,COC,115-10-6,NIST,32.9,ok_<1%,0.008,ok_<1%,0.007,ok_consensus,0.007
DMF,CN(C)C=O,68-12-2,NIST,47.84,ok_<1%,-0.571,n/a,,ok_one_source,-0.571
DMS,CSC,75-18-3,NIST,31.67,ok_<1%,0.011,ok_<1%,-0.059,ok_consensus,0.011
DMSO,CS(=O)C,67-68-5,NIST,35.428,ok_<1%,-0.002,n/a,,ok_one_source,-0.002
DMSO,CS(C)=O,67-68-5,NIST,35.29,ok_<1%,0.389,n/a,,ok_one_source,0.389
Diazirine,C1N=N1,157-22-2,ATcT_0K,18.2849,n/a,,warn_1-2%,1.348,ok_one_source,1.348
Dibromofluorochloromethane,C(F)(Cl)(Br)Br,353-55-9,ATcT_0K,13.4937,n/a,,fail_>2%,2.043,single_fail,2.043
Dibromomethane,C(Br)Br,74-95-3,ATcT_0K,13.8914,ok_<1%,0.582,fail_>2%,2.455,one_source_fail,0.582
Dibromophosgene,C(=O)(Br)Br,593-95-3,ATcT_0K,13.2659,n/a,,fail_>2%,2.42,single_fail,2.42
Dichlorodibromomethane,C(Cl)(Cl)(Br)Br,594-18-3,ATcT_0K,11.8866,n/a,,fail_>2%,2.856,single_fail,2.856
Dichlorodifluoromethane,C(F)(F)(Cl)Cl,75-71-8,ATcT_0K,16.5227,ok_<1%,-0.466,warn_1-2%,1.233,ok_consensus,-0.466
Dichlorofluorobromomethane,C(F)(Cl)(Cl)Br,353-58-2,ATcT_0K,14.1793,n/a,,warn_1-2%,1.638,ok_one_source,1.638
Dichloromethane,C(Cl)Cl,75-09-2,ATcT_0K,15.2319,ok_<1%,0.068,warn_1-2%,1.109,ok_consensus,0.068
Difluorobromomethane,C(F)(F)Br,1511-62-2,ATcT_0K,16.6348,warn_1-2%,1.595,warn_1-2%,1.389,ok_consensus,1.389
Difluorochlorobromomethane,C(F)(F)(Cl)Br,353-59-3,ATcT_0K,15.8196,n/a,,warn_1-2%,1.601,ok_one_source,1.601
Difluorodibromomethane,C(F)(F)(Br)Br,75-61-6,ATcT_0K,15.0293,n/a,,fail_>2%,2.315,single_fail,2.315
Difluoromethane,C(F)F,75-10-5,ATcT_0K,18.0484,ok_<1%,0.052,warn_1-2%,1.306,ok_consensus,0.052
Dihydrogen,[HH],1333-74-0,ATcT_0K,4.4634,ok_<1%,0.329,warn_1-2%,1.241,ok_consensus,0.329
Dioxyamidogen,[NH]O[O],71843-95-3,ATcT_0K,9.6294,n/a,,n/a,,n/a,
Disulfene_oxide,O=S=S,20901-21-7,ATcT_0K,8.7766,ok_<1%,0.457,warn_1-2%,1.557,ok_consensus,0.457
Divinylacetylene,C=CC#CC=C,821-08-9,ATcT_0K,53.9183,n/a,,n/a,,n/a,
EG,OCCO,107-21-1,NIST,37.64,ok_<1%,-0.124,fail_>2%,-21.477,one_source_fail,-0.124
Et2O,CCOCC,60-29-7,NIST,57.5,ok_<1%,-0.022,ok_<1%,0.012,ok_consensus,0.012
EtBr,CCBr,74-96-4,NIST,27.88,ok_<1%,0.327,ok_<1%,0.264,ok_consensus,0.264
EtCN,CCC#N,107-12-0,NIST,37.93,ok_<1%,0.043,ok_<1%,0.065,ok_consensus,0.043
EtCl,CCCl,75-00-3,NIST,28.57,ok_<1%,0.013,ok_<1%,-0.084,ok_consensus,0.013
EtF,CCF,353-36-6,NIST,29.7,n/a,,ok_<1%,-0.048,ok_one_source,-0.048
EtNH2,CCN,75-04-7,NIST,36.06,ok_<1%,0.008,ok_<1%,0.017,ok_consensus,0.008
EtOAc,CCOC(=O)C,141-78-6,NIST,57.56,ok_<1%,0.014,ok_<1%,0.014,ok_consensus,0.014
EtOMe,CCOC,540-67-0,NIST,45.18,ok_<1%,0.011,ok_<1%,0.106,ok_consensus,0.011
EtSH,CCS,75-08-1,NIST,31.76,ok_<1%,0.005,ok_<1%,-0.076,ok_consensus,0.005
EtSMe,CCSC,624-89-5,NIST,43.85,ok_<1%,0.014,n/a,,ok_one_source,0.014
EtSSH,CCSS,74004-30-1,NIST,34.46,n/a,,n/a,,n/a,
Ethanimine,CC=N,20729-41-3,ATcT_0K,30.241,warn_1-2%,1.622,n/a,,ok_one_source,1.622
Ethenedione,C(=C=O)=O,4363-38-6,ATcT_0K,19.7128,n/a,,n/a,,n/a,
Ethoxy,CC[O],2154-50-9,ATcT_0K,28.4427,n/a,,warn_1-2%,1.447,ok_one_source,1.447
Ethyl,C[CH2],2025-56-1,ATcT_0K,24.5794,ok_<1%,-0.034,warn_1-2%,1.345,ok_consensus,-0.034
Ethylperoxy,CCO[O],3170-61-4,ATcT_0K,31.115,n/a,,warn_1-2%,1.209,ok_one_source,1.209
F2,FF,7782-41-4,ATcT,1.602,ok_<1%,-0.042,fail_>2%,2.711,one_source_fail,-0.042
Fe(CO)5,[Fe](=C=O)(=C=O)(=C=O)(=C=O)=C=O,13463-40-6,NIST,61.91,n/a,,ok_<1%,0.001,ok_one_source,0.001
Fe2O3_frag,O=[Fe]O[Fe]=O,1309-37-1,Gurvich,19.455,n/a,,n/a,,n/a,
FeBr2,Br[Fe]Br,,JANAF,7.297,n/a,,n/a,,n/a,
FeBr3,Br[Fe](Br)Br,,JANAF,9.503,n/a,,n/a,,n/a,
FeCl,[Fe]Cl,,CRC,3.52,n/a,,n/a,,n/a,
FeCl2,Cl[Fe]Cl,7758-94-3,JANAF,8.29,n/a,,n/a,,n/a,
FeCl3,Cl[Fe](Cl)Cl,7705-08-0,JANAF,10.71,n/a,,ok_<1%,-0.002,ok_one_source,-0.002
FeF,[Fe]F,,CRC,4.51,n/a,,n/a,,n/a,
FeF2,F[Fe]F,,JANAF,10.0,n/a,,n/a,,n/a,
FeF3,F[Fe](F)F,7783-50-8,JANAF,15.282,n/a,,n/a,,n/a,
FeI2,I[Fe]I,,Gurvich,5.823,n/a,,n/a,,n/a,
FeO,[Fe]=O,17125-56-3,CRC,4.17,n/a,,n/a,,n/a,
FeOH,O[Fe],,Gurvich,9.478,n/a,,n/a,,n/a,
Fluorochlorobromomethane,C(F)(Cl)Br,593-98-6,ATcT_0K,15.0749,n/a,,warn_1-2%,1.559,ok_one_source,1.559
Fluorodibromomethane,C(F)(Br)Br,1868-53-7,ATcT_0K,14.3873,n/a,,fail_>2%,2.099,single_fail,2.099
Fluorodichloromethane,C(F)(Cl)Cl,75-43-4,ATcT_0K,15.771,warn_1-2%,1.199,warn_1-2%,1.309,ok_consensus,1.199
Fluorotrichloromethane,C(F)(Cl)(Cl)Cl,75-69-4,ATcT_0K,14.83,ok_<1%,-0.122,warn_1-2%,1.381,ok_consensus,-0.122
Formaldoxime,C=NO,75-17-2,ATcT_0K,21.0014,n/a,,fail_>2%,3.047,single_fail,3.047
Formyl_chloride,C(=O)Cl,2565-30-2,ATcT_0K,15.2746,n/a,,ok_<1%,0.963,ok_one_source,0.963
Fulminic_acid,[C-]#[N+]O,51060-05-0,ATcT_0K,15.2783,n/a,,fail_>2%,-3.442,single_fail,-3.442
Fulvene,C=C1C=CC=C1,497-20-1,ATcT_0K,55.2688,ok_<1%,0.96,ok_<1%,0.964,ok_consensus,0.96
Fulvenone,C1=CC(=C=O)C=C1,4727-22-4,ATcT_0K,54.5389,n/a,,n/a,,n/a,
H2,[H][H],1333-74-0,ATcT,4.478,ok_<1%,0.002,ok_<1%,0.911,ok_consensus,0.002
H2O,O,7732-18-5,ATcT,9.511,ok_<1%,0.015,warn_1-2%,1.017,ok_consensus,0.015
H2O2,OO,7722-84-1,ATcT,11.09,n/a,,ok_<1%,-0.021,ok_one_source,-0.021
H2S,S,7783-06-4,ATcT,7.45,ok_<1%,0.814,fail_>2%,-3.638,one_source_fail,0.814
HBF4_frag,FB(F)(F)F,,JANAF,24.766,n/a,,n/a,,n/a,
HBO2,OB=O,13460-50-9,JANAF,18.528,n/a,,n/a,,n/a,
HBr,[H]Br,10035-10-6,ATcT,3.76,ok_<1%,-0.106,ok_<1%,0.93,ok_consensus,-0.106
HCFC_141b,CC(F)(Cl)Cl,1717-00-6,NIST,28.484,n/a,,n/a,,n/a,
HCN,C#N,74-90-8,ATcT,13.39,warn_1-2%,-1.283,warn_1-2%,-1.283,ok_consensus,-1.283
HCOF,C(=O)F,1493-02-3,ATcT,17.12,ok_<1%,-0.728,ok_<1%,-0.367,ok_consensus,-0.367
HCOOH,OC=O,64-18-6,ATcT,21.29,warn_1-2%,-1.185,warn_1-2%,-1.194,ok_consensus,-1.185
HCl,[H]Cl,7647-01-0,ATcT,4.43,ok_<1%,0.083,ok_<1%,0.978,ok_consensus,0.083
HF,[H]F,7664-39-3,ATcT,5.869,ok_<1%,0.047,ok_<1%,0.674,ok_consensus,0.047
HFC_134a,FCC(F)(F)F,811-97-2,NIST,31.864,n/a,,ok_<1%,0.838,ok_one_source,0.838
HFC_152a,CC(F)F,75-37-6,NIST,30.69,ok_<1%,0.128,ok_<1%,-0.001,ok_consensus,-0.001
HI,[H]I,10034-85-2,ATcT,3.05,ok_<1%,0.081,warn_1-2%,1.427,ok_consensus,0.081
HNCO,N=C=O,75-13-8,ATcT,18.433,warn_1-2%,-1.14,ok_<1%,-0.165,ok_consensus,-0.165
HNO,N=O,14332-28-6,ATcT,8.57,ok_<1%,-0.415,ok_<1%,0.742,ok_consensus,-0.415
HOBr,BrO,13517-11-8,ATcT,6.582,warn_1-2%,-1.033,ok_<1%,0.357,ok_consensus,0.357
HOCN,OC#N,420-05-3,NIST,18.817,n/a,,fail_>2%,-7.941,single_fail,-7.941
HOCl,ClO,7790-92-3,ATcT,6.871,ok_<1%,0.004,ok_<1%,0.006,ok_consensus,0.004
HOSO2,OS(=O)=O,,JANAF,20.871,n/a,,n/a,,n/a,
HSO3F,OS(=O)(=O)F,7789-21-1,JANAF,21.507,ok_<1%,0.005,n/a,,ok_one_source,0.005
Hydrazino,N[NH],13598-46-4,ATcT_0K,14.0383,n/a,,warn_1-2%,1.206,ok_one_source,1.206
Hydrogen_bromide,Br,10035-10-6,ATcT_0K,3.6871,warn_1-2%,1.87,fail_>2%,2.925,one_source_fail,1.87
Hydrogen_chloride,Cl,7647-01-0,ATcT_0K,4.4322,ok_<1%,0.033,ok_<1%,0.928,ok_consensus,0.033
Hydrogen_fluoride,F,7664-39-3,ATcT_0K,5.8661,ok_<1%,0.096,ok_<1%,0.724,ok_consensus,0.096
Hydrogen_iodide,I,10034-85-2,ATcT_0K,3.0487,ok_<1%,0.123,warn_1-2%,1.47,ok_consensus,0.123
Hydrogen_isocyanide,[C-]#[NH+],6914-07-4,ATcT_0K,12.4988,ok_<1%,-0.177,ok_<1%,0.748,ok_consensus,-0.177
Hypobromous_acid,OBr,13517-11-8,ATcT_0K,6.4892,ok_<1%,0.382,warn_1-2%,1.792,ok_consensus,0.382
Hypochlorous_acid,OCl,7790-92-3,ATcT_0K,6.8025,ok_<1%,-0.357,warn_1-2%,1.013,ok_consensus,-0.357
Hypofluorous_acid,OF,14034-79-8,ATcT_0K,6.4728,warn_1-2%,1.537,warn_1-2%,1.487,ok_consensus,1.487
Hypoiodous_acid,OI,14332-21-9,ATcT_0K,6.4646,n/a,,warn_1-2%,1.856,ok_one_source,1.856
I2,II,7553-56-2,ATcT,1.542,ok_<1%,0.032,warn_1-2%,1.669,ok_consensus,0.032
IBr,BrI,7789-33-5,JANAF,1.843,ok_<1%,0.004,ok_<1%,0.067,ok_consensus,0.004
IBr,Br[I],7789-33-5,HH,1.817,warn_1-2%,1.435,warn_1-2%,1.499,ok_consensus,1.435
ICl,Cl[I],7790-99-0,NIST-derived,2.15,warn_1-2%,1.537,n/a,,ok_one_source,1.537
IF,FI,13873-84-2,HH,2.88,warn_1-2%,1.116,warn_1-2%,1.116,ok_consensus,1.116
IF5,F[I](F)(F)(F)F,7783-66-6,JANAF,13.745,fail_>2%,4.489,n/a,,single_fail,4.489
Iodine_monochloride,ClI,7790-99-0,ATcT_0K,2.1491,warn_1-2%,1.579,n/a,,ok_one_source,1.579
Iodobenzene,C1=CC=C(C=C1)I,591-50-4,ATcT_0K,54.6916,n/a,,warn_1-2%,1.362,ok_one_source,1.362
Iodosilane,[SiH3]I,13598-42-0,ATcT_0K,12.3746,warn_1-2%,1.588,n/a,,ok_one_source,1.588
Iodotrifluoromethane,C(F)(F)(F)I,2314-97-8,ATcT_0K,16.9281,n/a,,warn_1-2%,1.154,ok_one_source,1.154
Isobutene,CC(=C)C,115-11-7,ATcT_0K,47.3619,ok_<1%,-0.015,warn_1-2%,1.271,ok_consensus,-0.015
Isocyanic_acid,C(=N)=O,75-13-8,ATcT_0K,18.2494,ok_<1%,-0.145,ok_<1%,0.84,ok_consensus,-0.145
Isocyanoacetylene,C#C[N+]#[C-],66723-45-3,ATcT_0K,24.2115,n/a,,n/a,,n/a,
Isocyanobenzene,[C-]#[N+]C1=CC=CC=C1,931-54-4,ATcT_0K,64.3577,n/a,,n/a,,n/a,
Isocyanomethane,C[N+]#[C-],593-75-9,ATcT_0K,24.4351,warn_1-2%,1.65,ok_<1%,0.631,ok_consensus,0.631
Isofulminic_acid,C#[N+][O-],506-85-4,ATcT_0K,14.6095,n/a,,fail_>2%,5.506,single_fail,5.506
K2,[K][K],,HH,0.514,n/a,,n/a,,n/a,
KBr,[K]Br,7758-02-3,JANAF,3.93,ok_<1%,0.465,n/a,,ok_one_source,0.465
KCl,[K]Cl,7447-40-7,NIST,4.43,ok_<1%,-0.573,n/a,,ok_one_source,-0.573
KF,[K]F,7789-23-3,ATcT,5.144,ok_<1%,-0.236,n/a,,ok_one_source,-0.236
KH,[K][H],7693-26-7,HH,1.76,fail_>2%,8.347,n/a,,single_fail,8.347
KI,[K]I,7681-11-0,JANAF,3.31,n/a,,n/a,,n/a,
KOH,[K]O,1310-58-3,JANAF,8.175,n/a,,n/a,,n/a,
Li2,[Li][Li],14452-59-6,ATcT,1.046,warn_1-2%,1.76,warn_1-2%,1.76,ok_consensus,1.76
Li2O,[Li]O[Li],,JANAF,7.614,n/a,,n/a,,n/a,
LiBr,[Li]Br,7550-35-8,JANAF,4.34,warn_1-2%,1.527,fail_>2%,-71.341,one_source_fail,1.527
LiCl,[Li]Cl,7447-41-8,CCCBDB,4.9,ok_<1%,0.362,ok_<1%,0.339,ok_consensus,0.339
LiF,[Li]F,7789-24-4,CCCBDB,5.97,ok_<1%,0.192,ok_<1%,0.626,ok_consensus,0.192
LiH,[Li][H],7580-67-8,ATcT,2.429,ok_<1%,0.073,warn_1-2%,1.566,ok_consensus,0.073
LiI,[Li]I,10377-51-2,JANAF,3.54,n/a,,fail_>2%,2.884,single_fail,2.884
LiO,[Li][O],,HH,3.44,n/a,,n/a,,n/a,
LiOH,[Li]O,1310-65-2,JANAF,8.921,n/a,,ok_<1%,-0.612,ok_one_source,-0.612
MEK,CC(=O)CC,78-93-3,NIST,52.84,ok_<1%,0.004,ok_<1%,0.027,ok_consensus,0.004
MIBK,CC(C)CC(=O)C,108-10-1,NIST,77.235,n/a,,n/a,,n/a,
MTBE,CC(C)(C)OC,1634-04-4,NIST,69.772,ok_<1%,-0.004,n/a,,ok_one_source,-0.004
MTBE,COC(C)(C)C,1634-04-4,NIST,69.775,ok_<1%,-0.008,n/a,,ok_one_source,-0.008
MeCN,CC#N,75-05-8,NIST,25.77,ok_<1%,0.37,ok_<1%,-0.017,ok_consensus,-0.017
MeOCHO,COC=O,107-31-3,NIST,32.74,ok_<1%,-0.089,ok_<1%,0.515,ok_consensus,-0.089
MePH2,PC,593-54-4,NIST,22.21,n/a,,ok_<1%,-0.264,ok_one_source,-0.264
MeSiH3,[SiH3]C,992-94-9,NIST,25.96,ok_<1%,-0.04,fail_>2%,-6.396,one_source_fail,-0.04
MecPr,C1CC1C,594-11-6,NIST,47.8,n/a,,n/a,,n/a,
Methanediol,C(O)O,463-57-0,ATcT_0K,25.2706,n/a,,n/a,,n/a,
Methoxymethyl,CO[CH2],16520-04-0,ATcT_0K,28.3632,n/a,,warn_1-2%,1.495,ok_one_source,1.495
Methyl_hypochlorite,COCl,593-78-2,ATcT_0K,18.4388,n/a,,n/a,,n/a,
Methyl_nitrite,CON=O,624-91-9,ATcT_0K,24.6271,warn_1-2%,1.305,fail_>2%,-4.301,one_source_fail,1.305
Methylene,[CH2],2465-56-7,ATcT_0K,7.408,fail_>2%,5.288,warn_1-2%,1.275,one_source_fail,1.275
Mg(OH)2,O[Mg]O,1317-43-7,Gurvich,17.029,n/a,,n/a,,n/a,
MgBr,[Mg]Br,,JANAF,2.922,n/a,,n/a,,n/a,
MgBr2,Br[Mg]Br,7789-48-2,JANAF,7.455,n/a,,fail_>2%,-5.805,single_fail,-5.805
MgCl,[Mg]Cl,,HH,3.24,n/a,,n/a,,n/a,
MgCl2,Cl[Mg]Cl,7786-30-3,JANAF,8.185,ok_<1%,-0.109,ok_<1%,-0.109,ok_consensus,-0.109
MgF,[Mg]F,,HH,4.59,n/a,,n/a,,n/a,
MgF2,F[Mg]F,7783-40-6,JANAF,10.85,ok_<1%,-0.526,ok_<1%,-0.526,ok_consensus,-0.526
MgH,[Mg][H],,HH,1.28,n/a,,n/a,,n/a,
MgI,[Mg]I,,Gurvich,2.32,n/a,,n/a,,n/a,
MgO,[Mg]=O,1309-48-4,HH,3.53,fail_>2%,-28.102,fail_>2%,6.881,conflict,6.881
Mn2O3_frag,O=[Mn]O[Mn]=O,1317-34-6,Gurvich,18.956,n/a,,n/a,,n/a,
MnBr2,Br[Mn]Br,12738-03-3,JANAF,7.613,n/a,,n/a,,n/a,
MnCl,[Mn]Cl,,CRC,3.53,n/a,,n/a,,n/a,
MnCl2,Cl[Mn]Cl,,JANAF,8.67,n/a,,n/a,,n/a,
MnF,[Mn]F,,CRC,4.28,n/a,,n/a,,n/a,
MnF2,F[Mn]F,,JANAF,11.11,n/a,,n/a,,n/a,
MnOH,O[Mn],,Gurvich,8.58,n/a,,n/a,,n/a,
"N,N-diethylformamide",CCN(CC)C=O,617-84-5,NIST,71.951,n/a,,n/a,,n/a,
"N,N-dimethylacetamide",CC(=O)N(C)C,127-19-5,NIST,59.86,n/a,,n/a,,n/a,
"N,N-dimethylaniline",CN(C)C1=CC=CC=C1,121-69-7,NIST,88.134,n/a,,n/a,,n/a,
"N,N-dimethylurea",CN(C)C(=O)N,598-94-7,NIST,55.859,warn_1-2%,-1.504,n/a,,ok_one_source,-1.504
N-ethylaniline,CCNC1=CC=CC=C1,103-69-5,NIST,88.605,n/a,,n/a,,n/a,
N-methylformamide,CNC=O,123-39-7,NIST,35.614,n/a,,n/a,,n/a,
N-methylimidazole,Cn1ccnc1,616-47-7,NIST,54.134,n/a,,n/a,,n/a,
N-methylmorpholine,CN1CCOCC1,109-02-4,NIST,71.464,n/a,,n/a,,n/a,
N-methylpiperidine,CN1CCCCC1,626-67-5,NIST,80.131,n/a,,n/a,,n/a,
N-methylpyrrole,Cn1cccc1,96-54-8,NIST,59.045,n/a,,n/a,,n/a,
N-methylpyrrolidine,CN1CCCC1,120-94-5,NIST,67.499,n/a,,n/a,,n/a,
N2,N#N,7727-37-9,ATcT,9.759,ok_<1%,-0.045,n/a,,ok_one_source,-0.045
N2H2,N=N,3618-05-1,ATcT,11.12,n/a,,fail_>2%,9.002,single_fail,9.002
N2H4,NN,302-01-2,ATcT,17.96,ok_<1%,-0.618,ok_<1%,-0.631,ok_consensus,-0.618
N2O,[N-]=[N+]=O,10024-97-2,CCCBDB,11.44,ok_<1%,-0.072,ok_<1%,0.829,ok_consensus,-0.072
N2O4,O=[N+]([O-])[N+](=O)[O-],10544-72-6,NIST,20.013,ok_<1%,0.0,ok_<1%,0.017,ok_consensus,0.0
NCl,[N]Cl,,Peterson1997,2.75,n/a,,n/a,,n/a,
NCl3,ClN(Cl)Cl,10025-85-1,JANAF,6.287,n/a,,ok_<1%,0.97,ok_one_source,0.97
NF,[N]F,,HH,3.47,n/a,,n/a,,n/a,
NF3,FN(F)F,7783-54-2,ATcT,8.59,n/a,,warn_1-2%,1.654,ok_one_source,1.654
NH,[N][H],,ATcT,3.47,n/a,,n/a,,n/a,
NH2F,NF,15861-05-9,JANAF,11.35,n/a,,fail_>2%,-2.927,single_fail,-2.927
NH2OH,NO,7803-49-8,NIST,14.706,ok_<1%,0.489,ok_<1%,0.489,ok_consensus,0.489
NH3,N,7664-41-7,ATcT,12.02,ok_<1%,-0.182,warn_1-2%,1.077,ok_consensus,-0.182
NHF2,FNF,10405-27-3,JANAF,10.69,n/a,,fail_>2%,-7.658,single_fail,-7.658
NMA,CC(=O)N,60-35-5,NIST,36.26,ok_<1%,-0.424,n/a,,ok_one_source,-0.424
NMA2,CC(=O)NC,79-16-3,NIST,48.15,n/a,,n/a,,n/a,
NMP,CN1CCCC1=O,872-50-4,NIST,67.671,n/a,,n/a,,n/a,
NO,[N]=O,,ATcT,6.5,n/a,,n/a,,n/a,
NO2,O=[N]=O,,ATcT,9.62,n/a,,n/a,,n/a,
NOBr,BrN=O,13444-87-6,JANAF,7.791,ok_<1%,-0.016,n/a,,ok_one_source,-0.016
NS,[N]=S,,HH,4.85,n/a,,n/a,,n/a,
N_Methylethanamine,CCNC,624-78-2,ATcT_0K,47.3295,n/a,,n/a,,n/a,
Na2,[Na][Na],25681-79-2,HH,0.735,ok_<1%,-0.715,n/a,,ok_one_source,-0.715
Na2F2,F[Na].[Na]F,,JANAF,9.844,n/a,,n/a,,n/a,
NaBr,[Na]Br,7647-15-6,JANAF,3.79,ok_<1%,-0.651,n/a,,ok_one_source,-0.651
NaCl,[Na]Cl,7647-14-5,ATcT,4.23,n/a,,ok_<1%,0.542,ok_one_source,0.542
NaF,[Na]F,7681-49-4,CCCBDB,4.91,ok_<1%,-0.036,n/a,,ok_one_source,-0.036
NaH,[Na][H],7646-69-7,HH,1.97,fail_>2%,3.813,n/a,,single_fail,3.813
NaI,[Na]I,7681-82-5,JANAF,3.04,n/a,,n/a,,n/a,
NaO,[Na][O],,HH,2.6,n/a,,n/a,,n/a,
NaOH,[Na]O,1310-73-2,JANAF,8.006,ok_<1%,-0.878,ok_<1%,-0.878,ok_consensus,-0.878
Naphthalene,C1=CC=C2C=CC=CC2=C1,91-20-3,ATcT_0K,89.8714,warn_1-2%,1.025,n/a,,ok_one_source,1.025
Ni(CO)4,[Ni](=C=O)(=C=O)(=C=O)=C=O,,NIST,50.74,n/a,,n/a,,n/a,
NiBr2,Br[Ni]Br,,Gurvich,6.71,n/a,,n/a,,n/a,
NiCl,[Ni]Cl,13931-83-4,CRC,3.63,n/a,,n/a,,n/a,
NiCl2,Cl[Ni]Cl,7718-54-9,JANAF,7.74,n/a,,n/a,,n/a,
NiF,[Ni]F,,CRC,4.36,n/a,,n/a,,n/a,
NiF2,F[Ni]F,10028-18-9,JANAF,9.58,n/a,,n/a,,n/a,
NiF3,F[Ni](F)F,,Gurvich,11.762,n/a,,n/a,,n/a,
NiH,[Ni][H],14332-32-2,3dMLBE20,2.54,n/a,,n/a,,n/a,
NiO,[Ni]=O,34492-97-2,CRC,3.91,n/a,,n/a,,n/a,
Nitric_acid,[N+](=O)(O)[O-],7697-37-2,ATcT_0K,16.0815,ok_<1%,-0.018,fail_>2%,-15.965,one_source_fail,-0.018
Nitrosobenzene,C1=CC=C(C=C1)N=O,586-96-9,ATcT_0K,60.6239,warn_1-2%,1.053,warn_1-2%,1.056,ok_consensus,1.053
Nitrosomethane,CN=O,865-40-7,ATcT_0K,20.6887,n/a,,warn_1-2%,1.283,ok_one_source,1.283
Nitrosyl_chloride,N(=O)Cl,2696-92-6,ATcT_0K,8.1107,ok_<1%,-0.014,warn_1-2%,1.032,ok_consensus,-0.014
Nitrous_acid,N(=O)O,7782-77-6,ATcT_0K,12.9725,ok_<1%,0.116,warn_1-2%,1.198,ok_consensus,0.116
O2,O=O,7782-44-7,ATcT,5.116,ok_<1%,0.014,ok_<1%,0.96,ok_consensus,0.014
OCl,[O]Cl,,HH,2.75,n/a,,n/a,,n/a,
OF,[O]F,,HH,2.24,n/a,,n/a,,n/a,
OH,[O][H],,ATcT,4.392,n/a,,n/a,,n/a,
Oxaziridine,C1NO1,6827-26-5,ATcT_0K,20.3288,n/a,,n/a,,n/a,
Oxiranyl,C1[CH]O1,31586-84-2,ATcT_0K,22.2306,n/a,,warn_1-2%,1.265,ok_one_source,1.265
P2,[P]#[P],12185-09-0,ATcT,5.033,ok_<1%,0.303,ok_<1%,0.77,ok_consensus,0.303
PCl,[P]Cl,,HH,3.19,n/a,,n/a,,n/a,
PCl3,ClP(Cl)Cl,7719-12-2,NIST-derived,9.94,ok_<1%,0.182,ok_<1%,0.473,ok_consensus,0.182
PCl5,Cl[P](Cl)(Cl)(Cl)Cl,10026-13-8,NIST,12.76,fail_>2%,3.096,fail_>2%,5.576,conflict,3.096
PF,[P]F,,HH,4.47,n/a,,n/a,,n/a,
PF2Cl,FP(F)Cl,14335-40-1,JANAF,13.106,n/a,,fail_>2%,5.306,single_fail,5.306
PF5,FP(F)(F)(F)F,7647-19-0,JANAF,23.67,ok_<1%,0.058,ok_<1%,-0.541,ok_consensus,0.058
PFCl2,ClP(Cl)F,15597-63-4,JANAF,11.188,n/a,,fail_>2%,6.571,single_fail,6.571
PH,[P][H],,HH,2.95,n/a,,n/a,,n/a,
PH3,P,7803-51-2,ATcT,9.89,ok_<1%,-0.324,warn_1-2%,1.133,ok_consensus,-0.324
PN,[P]#N,17739-47-8,HH,6.39,ok_<1%,0.186,ok_<1%,0.187,ok_consensus,0.186
PO,[P]=O,,HH,5.69,n/a,,n/a,,n/a,
POBr3,BrP(Br)(Br)=O,7789-59-5,Gurvich,13.083,n/a,,n/a,,n/a,
POCl3,ClP(Cl)(Cl)=O,10025-87-3,NIST,14.78,fail_>2%,3.527,fail_>2%,4.315,conflict,3.527
POF3,FP(F)(F)=O,13478-20-1,JANAF,21.328,ok_<1%,-0.098,ok_<1%,-0.105,ok_consensus,-0.098
PS,[P]=S,,HH,4.5,n/a,,n/a,,n/a,
Pentachloroethane,C(C(Cl)(Cl)Cl)(Cl)Cl,76-01-7,ATcT_0K,24.7442,warn_1-2%,1.102,warn_1-2%,1.102,ok_consensus,1.102
Pentatetraene,C=C=C=C=C,21986-03-8,ATcT_0K,41.1301,n/a,,warn_1-2%,1.07,ok_one_source,1.07
Peroxyhypochlorous_acid,OOCl,67952-07-2,ATcT_0K,8.5544,n/a,,n/a,,n/a,
Peroxynitrous_acid,N(=O)OO,14691-52-2,ATcT_0K,14.7104,n/a,,fail_>2%,2.219,single_fail,2.219
Phenanthrene,C1=CC=C2C(=C1)C=CC3=CC=CC=C32,85-01-8,ATcT_0K,123.2118,warn_1-2%,1.036,n/a,,ok_one_source,1.036
Phenylethene,C=CC1=CC=CC=C1,100-42-5,ATcT_0K,75.1377,warn_1-2%,1.115,warn_1-2%,1.101,ok_consensus,1.101
Phosgene,C(=O)(Cl)Cl,75-44-5,ATcT_0K,14.6654,ok_<1%,0.046,ok_<1%,0.987,ok_consensus,0.046
Propadienone,C=C=C=O,61244-93-7,ATcT_0K,27.7867,n/a,,n/a,,n/a,
S2,[S]=[S],23550-45-0,ATcT,4.369,ok_<1%,0.001,ok_<1%,0.995,ok_consensus,0.001
S2Cl2,ClSSCl,10025-67-9,NIST,8.46,ok_<1%,-0.317,ok_<1%,-0.317,ok_consensus,-0.317
S2F10,FS(F)(F)(F)(F)S(F)(F)(F)(F)F,5714-22-7,Gurvich,35.375,fail_>2%,-4.747,ok_<1%,-0.019,one_source_fail,-0.019
S2F2,FSSF,13709-35-8,Gurvich,11.412,n/a,,fail_>2%,-5.975,single_fail,-5.975
S2O,S=S=O,20901-21-7,Gurvich,8.908,ok_<1%,0.008,ok_<1%,0.059,ok_consensus,0.008
SCl,[S]Cl,,HH,2.68,n/a,,n/a,,n/a,
SCl2,ClSCl,10545-99-0,NIST,5.569,ok_<1%,0.003,ok_<1%,0.003,ok_consensus,0.003
SF,[S]F,,HH,3.36,n/a,,n/a,,n/a,
SF2,FSF,13814-25-0,JANAF,7.47,ok_<1%,-0.045,warn_1-2%,1.159,ok_consensus,-0.045
SF4,FS(F)(F)F,7783-60-0,JANAF,13.86,ok_<1%,-0.027,warn_1-2%,1.301,ok_consensus,-0.027
SF6,FS(F)(F)(F)(F)F,2551-62-4,JANAF,20.459,ok_<1%,-0.004,ok_<1%,-0.058,ok_consensus,-0.004
SF6,F[S](F)(F)(F)(F)F,2551-62-4,NIST-derived,20.27,ok_<1%,-0.554,ok_<1%,0.874,ok_consensus,-0.554
SH,[S][H],,ATcT,3.56,n/a,,n/a,,n/a,
SO,O=S,2243010-16-2,ATcT_0K,5.343,n/a,,n/a,,n/a,
SO2mol,O=S=O,7446-09-5,ATcT,11.03,ok_<1%,-0.125,ok_<1%,-0.229,ok_consensus,-0.125
SO3mol,O=S(=O)=O,7446-11-9,NIST,14.31,warn_1-2%,1.804,warn_1-2%,1.546,ok_consensus,1.546
SOBr2,BrS(Br)=O,507-16-4,Gurvich,8.707,n/a,,n/a,,n/a,
SOCl2,ClS(Cl)=O,7719-09-7,NIST,10.172,n/a,,n/a,,n/a,
SOF2,FS(=O)F,7783-42-8,NIST,12.738,n/a,,fail_>2%,3.34,single_fail,3.34
ScBr2,Br[Sc]Br,,Gurvich,9.862,n/a,,n/a,,n/a,
ScCl,[Sc]Cl,,CRC,4.62,n/a,,n/a,,n/a,
ScCl2,Cl[Sc]Cl,,JANAF,10.98,n/a,,n/a,,n/a,
ScCl3,Cl[Sc](Cl)Cl,10361-84-9,JANAF,14.745,n/a,,n/a,,n/a,
ScF,[Sc]F,,CRC,5.99,n/a,,n/a,,n/a,
ScH,[Sc][H],,3dMLBE20,2.06,n/a,,n/a,,n/a,
ScO,[Sc]=O,,CRC,6.96,n/a,,n/a,,n/a,
ScOH,O[Sc],,Gurvich,11.369,n/a,,n/a,,n/a,
Si2,[Si]=[Si],12597-35-2,HH,3.21,ok_<1%,0.737,n/a,,ok_one_source,0.737
Si2Cl6,Cl[Si](Cl)(Cl)[Si](Cl)(Cl)Cl,13465-77-5,JANAF,27.372,n/a,,n/a,,n/a,
Si2H6,[SiH3][SiH3],1590-87-0,NIST,22.08,ok_<1%,-0.127,ok_<1%,0.185,ok_consensus,-0.127
SiBr4,Br[Si](Br)(Br)Br,7789-66-4,JANAF,13.666,ok_<1%,-0.426,n/a,,ok_one_source,-0.426
SiC,[Si]#[C],,HH,4.64,n/a,,n/a,,n/a,
SiCl,[Si]Cl,,HH,4.02,n/a,,n/a,,n/a,
SiCl2,Cl[Si]Cl,13569-32-9,JANAF,8.988,warn_1-2%,-1.33,n/a,,ok_one_source,-1.33
SiCl4,Cl[Si](Cl)(Cl)Cl,10026-04-7,NIST-derived,16.5,ok_<1%,0.339,ok_<1%,0.339,ok_consensus,0.339
SiF,[Si]F,11128-24-8,HH,5.57,fail_>2%,2.398,fail_>2%,3.311,conflict,2.398
SiF3Br,F[Si](F)(F)Br,14049-39-9,Gurvich,19.305,n/a,,n/a,,n/a,
SiF3Cl,F[Si](F)(F)Cl,14049-36-6,JANAF,21.113,n/a,,n/a,,n/a,
SiF3H,F[SiH](F)F,13465-71-9,JANAF,19.658,fail_>2%,11.084,fail_>2%,-37.008,conflict,11.084
SiF4,F[Si](F)(F)F,7783-61-1,NIST,24.59,ok_<1%,-0.34,ok_<1%,0.418,ok_consensus,-0.34
SiH,[Si][H],13774-94-2,HH,3.06,ok_<1%,-0.051,warn_1-2%,-1.289,ok_consensus,-0.051
SiH2Cl2,Cl[SiH2]Cl,4109-96-0,NIST,15.019,ok_<1%,-0.002,n/a,,ok_one_source,-0.002
SiH2F2,F[SiH2]F,39384-00-4,NIST,17.244,n/a,,n/a,,n/a,
SiH3Br,[SiH3]Br,,JANAF,13.323,n/a,,n/a,,n/a,
SiH3Cl,[SiH3]Cl,13465-78-6,JANAF,13.96,ok_<1%,-0.033,n/a,,ok_one_source,-0.033
SiH3F,[SiH3]F,,JANAF,15.95,n/a,,n/a,,n/a,
SiH4,[SiH4],7803-62-5,ATcT,12.94,warn_1-2%,1.417,fail_>2%,3.14,one_source_fail,1.417
SiHCl3,Cl[SiH](Cl)Cl,10025-78-2,NIST,15.838,ok_<1%,-0.001,fail_>2%,-64.945,one_source_fail,-0.001
SiO,[Si]#[O],10097-28-6,ATcT,8.26,n/a,,n/a,,n/a,
SiOCl2,Cl[Si](=O)Cl,73551-05-0,Gurvich,15.395,n/a,,n/a,,n/a,
SiOF2,F[Si](=O)F,14041-22-6,Gurvich,18.692,n/a,,fail_>2%,-2.581,single_fail,-2.581
SiS,[Si]#[S],,HH,6.39,n/a,,n/a,,n/a,
Sulfuric_acid,OS(=O)(=O)O,7664-93-9,ATcT_0K,24.9695,ok_<1%,0.173,warn_1-2%,1.386,ok_consensus,0.173
Sulfurous_acid,OS(=O)O,7782-99-2,ATcT_0K,20.1548,n/a,,n/a,,n/a,
THF,C1CCOC1,109-99-9,NIST,52.28,n/a,,ok_<1%,-0.037,ok_one_source,-0.037
THP,C1CCOCC1,142-68-7,NIST,64.63,ok_<1%,0.009,ok_<1%,0.016,ok_consensus,0.009
THT,C1CCSC1,110-01-0,NIST,50.83,ok_<1%,0.359,ok_<1%,0.29,ok_consensus,0.29
TMA,CN(C)C,75-50-3,NIST,48.32,warn_1-2%,-1.155,warn_1-2%,-1.155,ok_consensus,-1.155
TMP,CP(C)C,594-09-2,NIST,46.01,n/a,,fail_>2%,2.035,single_fail,2.035
Tetrabromomethane,C(Br)(Br)(Br)Br,558-13-4,ATcT_0K,10.5299,warn_1-2%,1.665,fail_>2%,6.801,one_source_fail,1.665
Tetrachloroethene,C(=C(Cl)Cl)(Cl)Cl,127-18-4,ATcT_0K,19.9188,ok_<1%,0.136,ok_<1%,0.459,ok_consensus,0.136
Tetrachloromethane,C(Cl)(Cl)(Cl)Cl,56-23-5,ATcT_0K,13.2588,ok_<1%,0.293,n/a,,ok_one_source,0.293
Tetrafluoroethylene,C(=C(F)F)(F)F,116-14-3,ATcT_0K,24.9024,ok_<1%,0.319,ok_<1%,0.282,ok_consensus,0.282
Tetrafluoromethane,C(F)(F)(F)F,75-73-0,ATcT_0K,20.1929,n/a,,ok_<1%,0.979,ok_one_source,0.979
TiBr2,Br[Ti]Br,13783-04-5,JANAF,8.848,n/a,,n/a,,n/a,
TiCl,[Ti]Cl,,JANAF,4.44,n/a,,n/a,,n/a,
TiCl4,[Ti](Cl)(Cl)(Cl)Cl,7550-45-0,JANAF,17.84,ok_<1%,0.006,n/a,,ok_one_source,0.006
TiF,[Ti]F,,JANAF,5.84,n/a,,n/a,,n/a,
TiF2,F[Ti]F,13814-20-5,JANAF,13.678,n/a,,n/a,,n/a,
TiF4,[Ti](F)(F)(F)F,7783-63-3,JANAF,24.27,n/a,,n/a,,n/a,
TiH,[Ti][H],,3dMLBE20,2.08,n/a,,n/a,,n/a,
TiI4,[Ti](I)(I)(I)I,7720-83-4,JANAF,12.199,n/a,,n/a,,n/a,
TiO,[Ti]=O,12137-20-1,JANAF,6.87,ok_<1%,0.745,n/a,,ok_one_source,0.745
TiO2,O=[Ti]=O,13463-67-7,JANAF,13.23,ok_<1%,0.023,n/a,,ok_one_source,0.023
TiOCl2,Cl[Ti](=O)Cl,,JANAF,15.938,n/a,,n/a,,n/a,
TiOH,O[Ti],,Gurvich,11.662,n/a,,n/a,,n/a,
Tribromochloromethane,C(Cl)(Br)(Br)Br,594-15-0,ATcT_0K,11.2062,n/a,,fail_>2%,3.637,single_fail,3.637
Tribromofluoromethane,C(F)(Br)(Br)Br,353-54-8,ATcT_0K,12.6796,n/a,,fail_>2%,3.317,single_fail,3.317
Trimethylsiloxy,C[Si](C)(C)[O],54572-10-0,ATcT_0K,51.4013,n/a,,n/a,,n/a,
Trimethylsilyl,C[Si](C)C,16571-41-8,ATcT_0K,46.4011,n/a,,warn_1-2%,-1.148,ok_one_source,-1.148
VCl4,[V](Cl)(Cl)(Cl)Cl,7632-51-1,JANAF,15.8,n/a,,n/a,,n/a,
VF,[V]F,,CRC,5.45,n/a,,n/a,,n/a,
VF2,F[V]F,,JANAF,12.945,n/a,,n/a,,n/a,
VF3,F[V](F)F,,JANAF,17.737,n/a,,n/a,,n/a,
VF4,F[V](F)(F)F,,JANAF,21.306,n/a,,n/a,,n/a,
VF5,[V](F)(F)(F)(F)F,,JANAF,24.29,n/a,,n/a,,n/a,
VH,[V][H],,3dMLBE20,2.13,n/a,,n/a,,n/a,
VO,[V]=O,12035-98-2,JANAF,6.545,ok_<1%,0.678,n/a,,ok_one_source,0.678
VO2,O=[V]=O,12036-21-4,JANAF,13.448,n/a,,n/a,,n/a,
VOCl3,Cl[V](=O)(Cl)Cl,,JANAF,19.301,n/a,,n/a,,n/a,
VOF3,F[V](=O)(F)F,,JANAF,22.558,n/a,,n/a,,n/a,
VinylCl,C=CCl,75-01-4,NIST,22.66,ok_<1%,0.014,ok_<1%,-0.037,ok_consensus,0.014
VinylF,FC=C,75-02-5,NIST,23.9,ok_<1%,0.036,ok_<1%,-0.142,ok_consensus,0.036
Vinyl_bromide,C=CBr,593-60-2,ATcT_0K,21.7036,warn_1-2%,1.239,warn_1-2%,1.572,ok_consensus,1.239
Vinyl_iodide,C=CI,593-66-8,ATcT_0K,21.1231,ok_<1%,-0.031,warn_1-2%,1.254,ok_consensus,-0.031
Vinylidene_2143693,C=[C],,ATcT_0K,14.9624,n/a,,n/a,,n/a,
ZnCl,[Zn]Cl,,CRC,2.29,n/a,,n/a,,n/a,
ZnF,[Zn]F,,JANAF,3.7,n/a,,n/a,,n/a,
ZnF2,F[Zn]F,573640-07-0,JANAF,8.53,n/a,,n/a,,n/a,
ZnH,[Zn][H],,CRC,0.85,n/a,,n/a,,n/a,
ZnI2,I[Zn]I,10139-47-6,JANAF,4.192,n/a,,n/a,,n/a,
ZnO,[Zn]=O,174846-84-5,NIST,1.61,n/a,,n/a,,n/a,
acenaphthene,C1CC2=CC=CC3=C2C1=CC=C3,83-32-9,NIST,110.112,n/a,,n/a,,n/a,
acenaphthylene,C1=CC2=C3C(=C1)C=CC3=CC=C2,208-96-8,NIST,104.505,ok_<1%,-0.022,n/a,,ok_one_source,-0.022
acetal,CCOC(OCC)C,105-57-7,NIST,86.028,n/a,,n/a,,n/a,
acetaldehyde_dimethyl_acetal,CC(OC)OC,534-15-6,NIST,61.51,ok_<1%,-0.0,n/a,,ok_one_source,-0.0
acetic_acid,CC(=O)O,64-19-7,ATcT,33.544,ok_<1%,-0.015,ok_<1%,0.013,ok_consensus,0.013
acetone,CC(=O)C,67-64-1,NIST,40.673,ok_<1%,-0.001,ok_<1%,0.0,ok_consensus,0.0
acetone,CC(C)=O,67-64-1,NIST,40.57,ok_<1%,0.253,ok_<1%,0.254,ok_consensus,0.253
acetophenone,CC(=O)C1=CC=CC=C1,98-86-2,NIST,80.979,n/a,,ok_<1%,0.0,ok_one_source,0.0
acetophenone,CC(=O)c1ccccc1,98-86-2,NIST,80.98,n/a,,ok_<1%,-0.001,ok_one_source,-0.001
acetylacetone,CC(=O)CC(=O)C,123-54-6,NIST,64.327,ok_<1%,0.057,n/a,,ok_one_source,0.057
acrolein,C=CC=O,107-02-8,NIST,34.58,ok_<1%,-0.537,ok_<1%,0.084,ok_consensus,0.084
acrolein,O=CC=C,107-02-8,NIST,34.582,ok_<1%,-0.543,ok_<1%,0.079,ok_consensus,0.079
acrylN,C=CC#N,107-13-1,NIST,32.04,ok_<1%,0.153,ok_<1%,0.053,ok_consensus,0.053
acrylamide,C=CC(=O)N,79-06-1,NIST,42.382,ok_<1%,0.07,n/a,,ok_one_source,0.07
acrylic_acid,C=CC(=O)O,79-10-7,NIST,39.907,ok_<1%,-0.17,ok_<1%,-0.104,ok_consensus,-0.104
acrylic_acid,OC(=O)C=C,79-10-7,NIST,39.83,ok_<1%,0.023,ok_<1%,0.089,ok_consensus,0.023
adamantane,C1C2CC3CC1CC(C2)C3,281-23-2,NIST,111.824,ok_<1%,-0.002,ok_<1%,0.001,ok_consensus,0.001
adiponitrile,N#CCCCCC#N,111-69-3,NIST,71.555,n/a,,n/a,,n/a,
alanine,CC(N)C(=O)O,1222-66-8,NIST,52.558,n/a,,n/a,,n/a,
allene,C=C=C,463-49-0,NIST,29.35,ok_<1%,-0.025,ok_<1%,-0.026,ok_consensus,-0.025
allyl_alcohol,C=CCO,107-18-6,NIST,39.713,ok_<1%,-0.023,ok_<1%,-0.023,ok_consensus,-0.023
allyl_alcohol,OCC=C,107-18-6,NIST,39.713,ok_<1%,-0.023,ok_<1%,-0.023,ok_consensus,-0.023
allyl_chloride,C=CCCl,107-05-1,NIST,34.886,ok_<1%,0.028,ok_<1%,0.657,ok_consensus,0.028
aniline,Nc1ccccc1,62-53-3,NIST,63.91,ok_<1%,0.735,ok_<1%,0.735,ok_consensus,0.735
anisole,COC1=CC=CC=C1,100-66-3,NIST,73.357,ok_<1%,0.123,ok_<1%,0.101,ok_consensus,0.101
anisole,COc1ccccc1,100-66-3,NIST,73.357,n/a,,ok_<1%,0.101,ok_one_source,0.101
anthracene,C1=CC2=CC3=CC=CC=C3C=C2C=C1,120-12-7,NIST,124.191,ok_<1%,0.083,ok_<1%,0.189,ok_consensus,0.083
azetidine,C1CNC1,503-29-7,NIST,42.175,n/a,,ok_<1%,-0.461,ok_one_source,-0.461
barbituric_acid,O=C1CC(=O)NC(=O)N1,67-52-7,NIST,61.892,n/a,,n/a,,n/a,
benzaldehyde,C1=CC=C(C=C1)C=O,100-52-7,NIST,68.515,ok_<1%,0.007,ok_<1%,0.037,ok_consensus,0.007
benzaldehyde,O=Cc1ccccc1,100-52-7,NIST,68.52,ok_<1%,-0.001,ok_<1%,0.029,ok_consensus,-0.001
benzene,c1ccccc1,71-43-2,NIST,56.42,ok_<1%,0.353,n/a,,ok_one_source,0.353
benzimidazole,C1=CC=C2C(=C1)N=CN2,51-17-2,NIST,73.468,n/a,,n/a,,n/a,
benzofuran,C1=CC=C2C(=C1)C=CO2,271-89-6,NIST,75.601,n/a,,n/a,,n/a,
benzofuran,c1ccc2occc2c1,271-89-6,NIST,75.676,n/a,,n/a,,n/a,
benzoic_acid,C1=CC=C(C=C1)C(=O)O,65-85-0,NIST,73.764,n/a,,ok_<1%,0.075,ok_one_source,0.075
benzoic_acid,OC(=O)c1ccccc1,65-85-0,NIST,73.764,n/a,,ok_<1%,0.075,ok_one_source,0.075
benzonitrile,C1=CC=C(C=C1)C#N,100-47-0,NIST,65.956,ok_<1%,-0.053,ok_<1%,0.041,ok_consensus,0.041
benzonitrile,N#Cc1ccccc1,100-47-0,NIST,65.956,ok_<1%,-0.053,ok_<1%,0.041,ok_consensus,0.041
benzothiophene,c1ccc2sccc2c1,95-15-8,NIST,76.391,n/a,,fail_>2%,-2.954,single_fail,-2.954
benzoxazole,c1ccc2ocnc2c1,273-53-0,NIST,70.306,n/a,,ok_<1%,0.0,ok_one_source,0.0
benzyl_chloride,ClCC1=CC=CC=C1,100-44-7,NIST,69.037,n/a,,n/a,,n/a,
beta-propiolactone,O=C1CCO1,57-57-8,NIST,39.42,ok_<1%,0.369,n/a,,ok_one_source,0.369
beta_propiolactone,C1CC(=O)O1,57-57-8,NIST,39.409,ok_<1%,0.397,n/a,,ok_one_source,0.397
biphenyl,C1=CC=C(C=C1)C2=CC=CC=C2,92-52-4,NIST,109.842,ok_<1%,-0.0,n/a,,ok_one_source,-0.0
biphenyl,c1ccc(-c2ccccc2)cc1,92-52-4,NIST,109.843,ok_<1%,-0.001,n/a,,ok_one_source,-0.001
biuret,NC(=O)NC(=O)N,108-19-0,NIST,51.641,n/a,,n/a,,n/a,
bromobenzene,Brc1ccccc1,108-86-1,NIST,55.931,ok_<1%,0.0,ok_<1%,-0.0,ok_consensus,0.0
bromobenzene,C1=CC=C(C=C1)Br,108-86-1,NIST,55.931,ok_<1%,0.0,ok_<1%,-0.0,ok_consensus,0.0
butad,C=CC=C,106-99-0,NIST,42.13,ok_<1%,0.014,ok_<1%,-0.026,ok_consensus,0.014
butanal,CCCC=O,123-72-8,NIST,52.52,ok_<1%,-0.029,ok_<1%,-0.016,ok_consensus,-0.016
butane,CCCC,106-97-8,NIST,53.61,ok_<1%,-0.002,ok_<1%,-0.002,ok_consensus,-0.002
butyl_acetate,CCCCOC(=O)C,123-86-4,NIST,81.875,n/a,,n/a,,n/a,
butyrN,CCCC#N,109-74-0,NIST,50.08,n/a,,ok_<1%,0.046,ok_one_source,0.046
butyric_acid,CCCC(=O)O,107-92-6,NIST,57.883,ok_<1%,0.002,ok_<1%,-0.009,ok_consensus,0.002
cC3H6,C1CC1,75-19-4,NIST,35.29,ok_<1%,-0.007,ok_<1%,-0.007,ok_consensus,-0.007
cC4H8,C1CCC1,287-23-0,NIST,47.49,ok_<1%,0.005,ok_<1%,0.005,ok_consensus,0.005
cHex,C1CCCCC1,110-82-7,NIST,72.96,ok_<1%,-0.005,ok_<1%,-0.02,ok_consensus,-0.005
caprolactam,C1CCC(=O)NCC1,105-60-2,NIST,79.182,n/a,,n/a,,n/a,
carbonyl_sulfide,C(=O)=S,463-58-1,NIST,14.318,ok_<1%,0.235,ok_<1%,0.235,ok_consensus,0.235
catechol,C1=CC=C(C(=C1)O)O,120-80-9,NIST,66.114,n/a,,ok_<1%,0.081,ok_one_source,0.081
chlorobenzene,C1=CC=C(C=C1)Cl,108-90-7,NIST,56.583,ok_<1%,-0.045,ok_<1%,-0.045,ok_consensus,-0.045
chlorobenzene,Clc1ccccc1,108-90-7,NIST,56.583,ok_<1%,-0.045,ok_<1%,-0.045,ok_consensus,-0.045
chloroform,ClC(Cl)Cl,67-66-3,NIST,14.527,ok_<1%,-0.026,ok_<1%,-0.01,ok_consensus,-0.01
cis-2-pentene,CCC=CC,109-68-2,NIST,60.012,n/a,,n/a,,n/a,
cis_1_2_Dibromoethene,C(=C\Br)\Br,590-11-4,ATcT_0K,20.2872,n/a,,n/a,,n/a,
cis_1_2_Dichloroethene,C(=C\Cl)\Cl,156-59-2,ATcT_0K,21.6646,ok_<1%,0.066,n/a,,ok_one_source,0.066
cresol_m,CC1=CC(=CC=C1)O,108-39-4,NIST,74.024,n/a,,n/a,,n/a,
cresol_o,CC1=CC=CC=C1O,95-48-7,NIST,73.986,n/a,,n/a,,n/a,
cresol_p,CC1=CC=C(C=C1)O,106-44-5,NIST,73.953,n/a,,n/a,,n/a,
crotonaldehyde,CC=CC=O,4170-30-3,NIST,46.915,ok_<1%,0.154,n/a,,ok_one_source,0.154
crotonic_acid,CC=CC(=O)O,503-64-0,NIST,51.967,n/a,,n/a,,n/a,
cumene,CC(C)C1=CC=CC=C1,98-82-8,NIST,93.922,n/a,,ok_<1%,0.001,ok_one_source,0.001
cumene,CC(C)c1ccccc1,98-82-8,NIST,94.004,n/a,,ok_<1%,-0.086,ok_one_source,-0.086
cyanamide,NC#N,420-04-2,NIST,20.287,ok_<1%,0.339,ok_<1%,0.243,ok_consensus,0.243
cyclodecane,C1CCCCCCCCC1,293-96-9,NIST,121.063,n/a,,fail_>2%,-2.641,single_fail,-2.641
cycloheptane,C1CCCCCC1,291-64-5,NIST,84.851,n/a,,ok_<1%,-0.031,ok_one_source,-0.031
cyclohexanol,C1CCC(CC1)O,108-93-0,NIST,77.229,n/a,,fail_>2%,-7.775,single_fail,-7.775
cyclohexanol,OC1CCCCC1,108-93-0,NIST,77.229,n/a,,fail_>2%,-7.775,single_fail,-7.775
cyclohexanone,C1CCC(=O)CC1,108-94-1,NIST,72.087,ok_<1%,0.072,n/a,,ok_one_source,0.072
cyclohexanone,O=C1CCCCC1,108-94-1,NIST,72.555,ok_<1%,-0.574,n/a,,ok_one_source,-0.574
cyclohexene,C1CCC=CC1,110-83-8,NIST,67.206,ok_<1%,-0.0,ok_<1%,0.004,ok_consensus,-0.0
cyclohexylamine,NC1CCCCC1,108-91-8,NIST,79.917,n/a,,n/a,,n/a,
cyclooctane,C1CCCCCCC1,292-64-8,NIST,96.863,ok_<1%,0.018,ok_<1%,-0.001,ok_consensus,-0.001
cyclopentadiene,C1C=CC=C1,542-92-7,NIST,49.304,ok_<1%,-0.001,ok_<1%,-0.001,ok_consensus,-0.001
cyclopentane,C1CCCC1,287-92-3,NIST,60.44,ok_<1%,0.153,ok_<1%,0.153,ok_consensus,0.153
cyclopentanol,OC1CCCC1,96-41-3,NIST,64.824,ok_<1%,0.009,ok_<1%,0.016,ok_consensus,0.009
cyclopentanone,O=C1CCCC1,120-92-3,NIST,59.788,ok_<1%,-0.0,ok_<1%,0.047,ok_consensus,-0.0
cyclopentene,C1CC=CC1,142-29-0,NIST,54.863,ok_<1%,0.0,ok_<1%,0.0,ok_consensus,0.0
cyclopropene,C1C=C1,2781-85-3,NIST,28.449,ok_<1%,0.004,ok_<1%,-0.003,ok_consensus,-0.003
cytosine,NC1=NC(=O)NC=C1,71-30-7,NIST,58.898,n/a,,ok_<1%,0.187,ok_one_source,0.187
decane,CCCCCCCCCC,124-18-5,NIST,126.62,ok_<1%,-0.037,ok_<1%,-0.038,ok_consensus,-0.037
delta_valerolactone,O=C1CCCCO1,542-28-9,NIST,64.349,n/a,,n/a,,n/a,
di-n-butylamine,CCCCNCCCC,111-92-2,NIST,108.874,n/a,,n/a,,n/a,
di-n-propyl_ether,CCCOCCC,111-43-3,NIST,81.818,ok_<1%,-0.0,ok_<1%,-0.006,ok_consensus,-0.0
diacetyl,CC(=O)C(=O)C,431-03-8,NIST,51.804,ok_<1%,0.03,ok_<1%,-0.031,ok_consensus,0.03
diallyl_sulfide,C=CCSCC=C,592-88-1,Pedley1986,69.34,n/a,,n/a,,n/a,
dicyanog,N#CC#N,460-19-5,NIST,21.45,ok_<1%,0.0,n/a,,ok_one_source,0.0
diethanolamine,OCCNCCO,111-42-2,NIST,69.718,n/a,,n/a,,n/a,
diethyl_carbonate,CCOC(=O)OCC,105-58-8,NIST,74.093,n/a,,ok_<1%,-0.069,ok_one_source,-0.069
diethyl_disulfide,CCSSCC,110-81-6,NIST,58.827,n/a,,n/a,,n/a,
diethyl_oxalate,CCOC(=O)C(=O)OCC,95-92-1,NIST,85.182,n/a,,n/a,,n/a,
diethyl_sulfide,CCSCC,352-93-2,NIST,56.044,ok_<1%,-0.001,ok_<1%,-0.035,ok_consensus,-0.001
diethyl_sulfoxide,CCS(=O)CC,70-29-1,NIST,59.885,ok_<1%,0.004,n/a,,ok_one_source,0.004
diethylamine,CCNCC,109-89-7,NIST,60.74,n/a,,n/a,,n/a,
difluorobromomethane,FC(F)Br,1511-62-2,NIST,16.887,ok_<1%,0.077,ok_<1%,-0.125,ok_consensus,0.077
diglyme,COCCOC,110-71-4,NIST,60.99,ok_<1%,0.055,n/a,,ok_one_source,0.055
diisopropyl_ether,CC(C)OC(C)C,108-20-3,NIST,82.09,n/a,,n/a,,n/a,
diisopropylamine,CC(C)NC(C)C,108-18-9,NIST,84.852,n/a,,n/a,,n/a,
diketene,C=CC(=O)OC=C,2177-18-6,NIST,57.934,n/a,,n/a,,n/a,
dimethoxymethane,COCOC,109-87-5,NIST,49.136,ok_<1%,-0.007,ok_<1%,0.02,ok_consensus,-0.007
dimethyl_disulfide,CSSC,624-92-0,NIST,34.408,ok_<1%,-0.002,ok_<1%,-0.001,ok_consensus,-0.001
dimethyl_methylphosphonate,CP(=O)(OC)OC,756-79-6,NIST,62.663,n/a,,n/a,,n/a,
dimethyl_phosphite,COP(=O)OC,,NIST,49.069,n/a,,n/a,,n/a,
dimethyl_sulfone,CS(=O)(=O)C,67-71-0,NIST,40.317,n/a,,n/a,,n/a,
dimethylphosphine,CPC,676-59-5,NIST,34.377,n/a,,ok_<1%,0.421,ok_one_source,0.421
dimethylurea,CNC(=O)NC,96-31-1,NIST,55.974,warn_1-2%,-1.676,n/a,,ok_one_source,-1.676
divinyl_ether,C=COC=C,109-93-3,NIST,46.194,ok_<1%,-0.459,n/a,,ok_one_source,-0.459
dodecane,CCCCCCCCCCCC,112-40-3,NIST,150.894,n/a,,ok_<1%,-0.001,ok_one_source,-0.001
epichlorohydrin,ClCC1CO1,106-89-8,NIST,38.959,warn_1-2%,-1.078,n/a,,ok_one_source,-1.078
ethanol,CCO,64-17-5,NIST,33.43,ok_<1%,-0.005,ok_<1%,-0.001,ok_consensus,-0.001
ethanolamine,NCCO,141-43-5,NIST,40.216,n/a,,n/a,,n/a,
ethyl_acetate,CC(=O)OCC,141-78-6,NIST,57.559,ok_<1%,0.016,ok_<1%,0.016,ok_consensus,0.016
ethyl_acrylate,CCOC(=O)C=C,140-88-5,NIST,64.049,n/a,,n/a,,n/a,
ethyl_formate,CCOC=O,109-94-4,NIST,44.855,ok_<1%,0.621,ok_<1%,0.621,ok_consensus,0.621
ethyl_propanoate,CCOC(=O)CC,105-37-3,NIST,70.109,n/a,,ok_<1%,-0.536,ok_one_source,-0.536
ethyl_propyl_ether,CCCOCC,628-32-0,NIST,69.654,ok_<1%,0.002,n/a,,ok_one_source,0.002
ethyl_vinyl_ether,CCOC=C,109-92-2,NIST,51.822,ok_<1%,-0.0,n/a,,ok_one_source,-0.0
ethylbenzene,CCC1=CC=CC=C1,100-41-4,NIST,81.708,ok_<1%,-0.0,ok_<1%,-0.002,ok_consensus,-0.0
ethylbenzene,CCc1ccccc1,100-41-4,NIST,81.708,ok_<1%,-0.0,ok_<1%,-0.002,ok_consensus,-0.0
ethylene_carbonate,C1COC(=O)O1,96-49-1,NIST,45.142,n/a,,n/a,,n/a,
ethylene_oxide,C1CO1,75-21-8,NIST,26.95,ok_<1%,0.265,ok_<1%,0.267,ok_consensus,0.265
fluorene,C1=CC=C2C(=C1)CC3=CC=CC=C32,86-73-7,NIST,117.312,ok_<1%,0.011,ok_<1%,0.004,ok_consensus,0.004
fluorobenzene,C1=CC=C(C=C1)F,462-06-6,NIST,57.888,n/a,,ok_<1%,0.0,ok_one_source,0.0
fluorobenzene,Fc1ccccc1,462-06-6,NIST,57.888,ok_<1%,-0.091,ok_<1%,0.0,ok_consensus,0.0
formamid,NC=O,75-12-7,NIST,23.62,ok_<1%,-0.02,ok_<1%,0.14,ok_consensus,-0.02
formamide,C(=O)N,75-12-7,NIST,23.615,ok_<1%,0.001,ok_<1%,0.161,ok_consensus,0.001
furan,c1ccoc1,110-00-9,NIST,41.09,n/a,,warn_1-2%,1.45,ok_one_source,1.45
furfural,O=CC1=CC=CO1,98-01-1,NIST,52.907,n/a,,ok_<1%,-0.027,ok_one_source,-0.027
furfuryl_alcohol,OCC1=CC=CO1,98-00-0,NIST,58.056,n/a,,ok_<1%,0.093,ok_one_source,0.093
gamma-butyrolactone,C1CC(=O)OC1,96-48-0,NIST,52.216,ok_<1%,0.03,n/a,,ok_one_source,0.03
gamma-butyrolactone,O=C1CCCO1,96-48-0,NIST,52.216,ok_<1%,0.03,n/a,,ok_one_source,0.03
glycerol,OCC(O)CO,56-81-5,NIST,54.096,ok_<1%,-0.0,ok_<1%,0.052,ok_consensus,-0.0
glycine,NCC(=O)O,56-40-6,NIST,40.55,ok_<1%,-0.705,n/a,,ok_one_source,-0.705
glycolal,OCC=O,141-46-8,NIST,32.44,n/a,,ok_<1%,-0.292,ok_one_source,-0.292
glycolic_acid,C(C(=O)O)O,79-14-1,NIST,37.689,n/a,,ok_<1%,-0.015,ok_one_source,-0.015
glyoxal,O=CC=O,107-22-2,NIST,26.74,ok_<1%,-0.012,ok_<1%,-0.738,ok_consensus,-0.012
glyoxylic_acid,OC(=O)C=O,298-12-4,NIST,32.025,n/a,,fail_>2%,-11.662,single_fail,-11.662
guaiacol,COC1=CC=CC=C1O,90-05-1,NIST,77.378,n/a,,ok_<1%,0.574,ok_one_source,0.574
heptane,CCCCCCC,142-82-5,NIST,90.09,ok_<1%,0.002,ok_<1%,0.002,ok_consensus,0.002
hexafluorobenzene,C1(=C(C(=C(C(=C1F)F)F)F)F)F,392-56-3,NIST,59.778,ok_<1%,-0.613,fail_>2%,-13.174,one_source_fail,-0.613
hexamethyldisiloxane,C[Si](C)(C)O[Si](C)(C)C,107-46-0,NIST,105.2,n/a,,n/a,,n/a,
hexanal,CCCCCC=O,66-25-1,NIST,76.83,ok_<1%,0.028,n/a,,ok_one_source,0.028
hexane,CCCCCC,110-54-3,NIST,77.93,ok_<1%,-0.002,ok_<1%,-0.002,ok_consensus,-0.002
hydroquinone,C1=CC(=CC=C1O)O,123-31-9,NIST,66.039,n/a,,n/a,,n/a,
iPrOH,CC(C)O,67-63-0,NIST,45.05,ok_<1%,0.244,warn_1-2%,1.634,ok_consensus,0.244
imidazole,C1=CN=CN1,288-32-4,NIST,39.742,ok_<1%,-0.001,ok_<1%,0.127,ok_consensus,-0.001
imidazole,c1cnc[nH]1,288-32-4,NIST,39.742,ok_<1%,-0.001,ok_<1%,0.127,ok_consensus,-0.001
indane,C1CC2=CC=CC=C2C1,496-11-7,NIST,89.326,n/a,,ok_<1%,-0.574,ok_one_source,-0.574
indane,C1Cc2ccccc2C1,496-11-7,NIST,88.816,n/a,,ok_<1%,-0.003,ok_one_source,-0.003
indazole,c1ccc2[nH]ncc2c1,271-44-3,NIST,72.831,n/a,,n/a,,n/a,
indene,C1=Cc2ccccc2C1,95-13-6,NIST,83.233,ok_<1%,0.027,ok_<1%,-0.01,ok_consensus,-0.01
indene,C1C=CC2=CC=CC=C21,95-13-6,NIST,83.261,ok_<1%,-0.007,ok_<1%,-0.044,ok_consensus,-0.007
indole,C1=CC=C2C(=C1)C=CN2,120-72-9,NIST,78.208,n/a,,ok_<1%,0.393,ok_one_source,0.393
iodobenzene,IC1=CC=CC=C1,591-50-4,NIST,55.262,n/a,,ok_<1%,0.316,ok_one_source,0.316
iodoethane,CCI,75-03-6,NIST,27.343,n/a,,ok_<1%,-0.036,ok_one_source,-0.036
iso_Butyl,CC(C)[CH2],,ATcT_0K,48.6367,n/a,,n/a,,n/a,
isobutan,CC(C)C,75-28-5,NIST,53.7,ok_<1%,0.008,ok_<1%,0.015,ok_consensus,0.008
isobutanol,CC(C)CO,78-83-1,NIST,57.83,ok_<1%,-0.001,ok_<1%,0.03,ok_consensus,-0.001
isobuten,C=C(C)C,115-11-7,NIST,47.96,ok_<1%,0.023,ok_<1%,0.008,ok_consensus,0.008
isobutyraldehyde,CC(C)C=O,78-84-2,NIST,52.606,ok_<1%,-0.001,n/a,,ok_one_source,-0.001
isobutyric_acid,CC(C)C(=O)O,79-31-2,NIST,57.968,n/a,,n/a,,n/a,
isooctane,CC(C)CC(C)(C)C,85404-20-2,NIST,102.5,n/a,,n/a,,n/a,
isopent,CC(C)CC,78-78-4,NIST,65.84,ok_<1%,0.008,ok_<1%,0.008,ok_consensus,0.008
isoprene,CC(=C)C=C,78-79-5,NIST,54.43,ok_<1%,-0.001,ok_<1%,-0.009,ok_consensus,-0.001
isopropyl_acetate,CC(=O)OC(C)C,108-21-4,NIST,69.89,n/a,,n/a,,n/a,
isopropyl_acetate,CC(C)OC(=O)C,108-21-4,NIST,69.887,n/a,,n/a,,n/a,
isopropyl_mercaptan,CC(C)S,75-33-2,NIST,44.021,ok_<1%,0.018,ok_<1%,-0.087,ok_consensus,0.018
isopropylamine,CC(C)N,75-31-0,NIST,48.385,ok_<1%,-0.001,n/a,,ok_one_source,-0.001
isoquinoline,C1=CC=C2C=NC=CC2=C1,119-65-3,NIST,85.445,n/a,,ok_<1%,-0.0,ok_one_source,-0.0
isoquinoline,c1ccc2ccncc2c1,119-65-3,NIST,85.445,n/a,,ok_<1%,-0.0,ok_one_source,-0.0
isoxazole,C1=NOC=C1,288-14-2,NIST,35.729,ok_<1%,-0.001,ok_<1%,-0.0,ok_consensus,-0.0
isoxazole,c1conc1,288-14-2,NIST,35.729,ok_<1%,-0.001,ok_<1%,-0.0,ok_consensus,-0.0
lactic_acid,CC(C(=O)O)O,50-21-5,NIST,49.635,n/a,,ok_<1%,0.56,ok_one_source,0.56
m-cresol,Cc1cccc(O)c1,108-39-4,NIST,74.024,n/a,,n/a,,n/a,
m-dichlorobenzene,Clc1cccc(Cl)c1,541-73-1,NIST,56.334,ok_<1%,-0.915,ok_<1%,-0.766,ok_consensus,-0.766
m-xylene,Cc1cccc(C)c1,108-38-3,NIST,81.839,n/a,,n/a,,n/a,
maleic_anhydride,O=C1OC(=O)C=C1,108-31-6,NIST,46.29,n/a,,n/a,,n/a,
maleimide,O=C1C=CC(=O)N1,541-59-3,NIST,48.938,n/a,,n/a,,n/a,
malonic_acid,C(C(=O)O)C(=O)O,141-82-2,NIST,49.329,n/a,,n/a,,n/a,
malononitrile,C(C#N)C#N,109-77-3,NIST,34.671,n/a,,n/a,,n/a,
mesityl_oxide,CC(=CC(=O)C)C,141-79-7,NIST,71.625,n/a,,n/a,,n/a,
mesitylene,CC1=CC(=CC(=C1)C)C,108-67-8,NIST,94.131,n/a,,ok_<1%,0.011,ok_one_source,0.011
methacrylonitrile,CC(=C)C#N,126-98-7,NIST,44.995,n/a,,n/a,,n/a,
methyl_acetate,CC(=O)OC,79-20-9,NIST,45.289,ok_<1%,-0.104,ok_<1%,0.677,ok_consensus,-0.104
methyl_acrylate,COC(=O)C=C,96-33-3,NIST,51.884,ok_<1%,0.0,ok_<1%,0.0,ok_consensus,0.0
methyl_benzoate,COC(=O)C1=CC=CC=C1,93-58-3,NIST,85.647,n/a,,ok_<1%,-0.175,ok_one_source,-0.175
methyl_butyrate,CCCC(=O)OC,623-42-7,NIST,69.625,n/a,,ok_<1%,0.027,ok_one_source,0.027
methyl_cyanoacetate,COC(=O)CC#N,105-34-0,NIST,53.612,n/a,,n/a,,n/a,
methyl_isocyanate,CN=C=O,624-83-9,NIST,30.069,n/a,,n/a,,n/a,
methyl_isopropyl_ketone,CC(C)C(=O)C,563-80-4,NIST,65.038,ok_<1%,-0.001,n/a,,ok_one_source,-0.001
methyl_methacrylate,COC(=O)C(=C)C,80-62-6,NIST,64.028,n/a,,ok_<1%,-0.258,ok_one_source,-0.258
methyl_propanoate,CCC(=O)OC,554-12-1,NIST,57.471,n/a,,ok_<1%,0.022,ok_one_source,0.022
methyl_propyl_ether,CCCOC,557-17-5,NIST,57.355,ok_<1%,-0.0,n/a,,ok_one_source,-0.0
methyl_propyl_sulfide,CCCSC,3877-15-4,NIST,56.031,n/a,,n/a,,n/a,
methyl_salicylate,COC(=O)C1=CC=CC=C1O,119-36-8,NIST,89.77,n/a,,n/a,,n/a,
methyl_thiocyanate,CSC#N,556-64-9,NIST,28.053,n/a,,n/a,,n/a,
methyl_vinyl_ether,COC=C,107-25-5,NIST,39.501,n/a,,n/a,,n/a,
methyl_vinyl_ketone,C=CC(=O)C,78-94-4,NIST,46.887,n/a,,ok_<1%,0.203,ok_one_source,0.203
methylcycloheptane,CC1CCCCCC1,4126-78-7,NIST,97.178,n/a,,n/a,,n/a,
methylcyclohexane,CC1CCCCC1,108-87-2,NIST,85.23,n/a,,n/a,,n/a,
methylcyclopentane,CC1CCCC1,96-37-7,NIST,72.781,ok_<1%,0.006,ok_<1%,-0.006,ok_consensus,0.006
methylenecyclopropane,C=C1CC1,6142-73-0,NIST,41.133,ok_<1%,0.138,fail_>2%,-45.229,one_source_fail,0.138
methylhydrazine,CNN,60-34-4,NIST,31.18,n/a,,fail_>2%,-10.461,single_fail,-10.461
morpholine,C1COCCN1,110-91-8,NIST,59.232,n/a,,n/a,,n/a,
n-butylamine,CCCCN,109-73-9,NIST,60.416,ok_<1%,0.053,n/a,,ok_one_source,0.053
n_Butyl,CCC[CH2],,ATcT_0K,48.5768,n/a,,n/a,,n/a,
n_Propyl,CC[CH2],,ATcT_0K,36.5658,n/a,,n/a,,n/a,
naphthalene,c1ccc2ccccc2c1,91-20-3,NIST,89.15,n/a,,n/a,,n/a,
neopent,CC(C)(C)C,463-82-1,NIST,65.99,ok_<1%,0.003,ok_<1%,0.009,ok_consensus,0.003
nicotinic_acid,OC(=O)c1cccnc1,59-67-6,NIST,68.224,n/a,,n/a,,n/a,
nitrobenzene,C1=CC=C(C=C1)[N+](=O)[O-],98-95-3,NIST,65.229,ok_<1%,0.03,ok_<1%,-0.017,ok_consensus,-0.017
nitrobenzene,[O-][N+](=O)c1ccccc1,98-95-3,NIST,65.229,ok_<1%,0.03,ok_<1%,-0.017,ok_consensus,-0.017
nitroethane,CC[N+](=O)[O-],79-24-3,NIST,37.277,n/a,,ok_<1%,0.041,ok_one_source,0.041
nitromethane,C[N+](=O)[O-],75-52-5,NIST,25.32,warn_1-2%,-1.22,fail_>2%,-7.322,one_source_fail,-1.22
nitrosobenzene,O=NC1=CC=CC=C1,586-96-9,NIST,61.169,ok_<1%,0.153,ok_<1%,0.156,ok_consensus,0.153
nonane,CCCCCCCCC,111-84-2,NIST,114.4,ok_<1%,0.004,ok_<1%,0.004,ok_consensus,0.004
norbornene,C1CC2CC1C=C2,498-66-8,NIST,73.735,n/a,,ok_<1%,0.036,ok_one_source,0.036
o-xylene,Cc1ccccc1C,95-47-6,NIST,81.819,n/a,,ok_<1%,0.001,ok_one_source,0.001
o_Benzyne,C1=CC#CC=C1,462-80-6,ATcT_0K,48.3431,warn_1-2%,1.451,ok_<1%,-0.239,ok_consensus,-0.239
octane,CCCCCCCC,111-65-9,NIST,102.25,ok_<1%,0.002,ok_<1%,0.005,ok_consensus,0.002
oxalic_acid,C(=O)(C(=O)O)O,144-62-7,NIST,37.289,n/a,,ok_<1%,-0.289,ok_one_source,-0.289
oxazole,C1=COC=N1,288-42-6,NIST,36.704,ok_<1%,-0.0,ok_<1%,-0.001,ok_consensus,-0.0
oxazole,c1cocn1,288-42-6,NIST,36.704,n/a,,ok_<1%,-0.001,ok_one_source,-0.001
oxetane,C1COC1,503-30-0,NIST,39.26,ok_<1%,-0.008,ok_<1%,-0.008,ok_consensus,-0.008
p-chlorotoluene,Cc1ccc(Cl)cc1,106-43-4,NIST,69.143,n/a,,n/a,,n/a,
p-dichlorobenzene,Clc1ccc(Cl)cc1,106-46-7,NIST,56.302,ok_<1%,-0.783,ok_<1%,-0.715,ok_consensus,-0.715
p-diethylbenzene,CCc1ccc(CC)cc1,105-05-5,NIST,106.142,n/a,,n/a,,n/a,
p-fluorotoluene,Cc1ccc(F)cc1,352-32-9,NIST,70.521,n/a,,n/a,,n/a,
p-xylene,Cc1ccc(C)cc1,106-42-3,NIST,81.831,ok_<1%,0.0,ok_<1%,-0.001,ok_consensus,0.0
p_Benzyne,C1=C=CC=C=C1,3355-34-8,ATcT_0K,46.9404,n/a,,warn_1-2%,1.467,ok_one_source,1.467
paraldehyde,CC1OC(C)OC(C)O1,123-63-7,NIST,86.095,n/a,,n/a,,n/a,
pentafluoroethane,FC(F)(F)C(F)F,354-33-6,NIST,32.671,n/a,,ok_<1%,0.507,ok_one_source,0.507
pentafluoroethane,FC(F)C(F)(F)F,354-33-6,NIST,32.671,n/a,,ok_<1%,0.507,ok_one_source,0.507
pentanal,CCCCC=O,110-62-3,NIST,64.66,ok_<1%,0.05,n/a,,ok_one_source,0.05
pentane,CCCCC,109-66-0,NIST,65.77,n/a,,ok_<1%,0.092,ok_one_source,0.092
perfluorocyclobutane,FC1(F)C(F)(F)C(F)(F)C1(F)F,115-25-3,NIST,52.282,n/a,,ok_<1%,0.306,ok_one_source,0.306
perfluoropropane,FC(F)(F)C(F)(F)C(F)(F)F,76-19-7,NIST,47.345,ok_<1%,0.037,ok_<1%,0.037,ok_consensus,0.037
phenol,Oc1ccccc1,108-95-2,NIST,60.83,warn_1-2%,-1.016,warn_1-2%,1.439,ok_consensus,-1.016
phenyl_isocyanate,O=C=NC1=CC=CC=C1,103-71-9,NIST,71.344,n/a,,n/a,,n/a,
phenyl_methanol,C1=CC=C(C=C1)CO,100-51-6,NIST,73.694,n/a,,ok_<1%,-0.082,ok_one_source,-0.082
phenylacetylene,C#CC1=CC=CC=C1,536-74-3,NIST,69.802,ok_<1%,-0.001,ok_<1%,-0.321,ok_consensus,-0.001
phthalazine,c1ccc2cnncc2c1,253-52-1,NIST,79.358,n/a,,n/a,,n/a,
pinacol,CC(O)(C)C(O)(C)C,76-09-5,NIST,86.453,n/a,,n/a,,n/a,
piperazine,C1CNCCN1,110-85-0,NIST,62.155,n/a,,ok_<1%,-0.5,ok_one_source,-0.5
piperidine,C1CCNCC1,110-89-4,NIST,67.67,ok_<1%,-0.428,ok_<1%,-0.428,ok_consensus,-0.428
propanac,CCC(=O)O,79-09-4,ATcT,46.3,n/a,,warn_1-2%,-1.343,ok_one_source,-1.343
propanal,CCC=O,123-38-6,NIST,40.35,ok_<1%,0.001,ok_<1%,0.07,ok_consensus,0.001
propane,CCC,74-98-6,NIST,41.44,ok_<1%,0.009,ok_<1%,0.009,ok_consensus,0.009
propanethiol,CCCS,107-03-9,NIST,43.93,ok_<1%,0.028,warn_1-2%,-1.208,ok_consensus,0.028
propene,CC=C,115-07-1,NIST,35.63,ok_<1%,0.016,ok_<1%,-0.005,ok_consensus,-0.005
propionamide,CCC(=O)N,79-05-0,NIST,48.224,ok_<1%,0.084,n/a,,ok_one_source,0.084
propyl_acetate,CCCOC(=O)C,109-60-4,NIST,69.739,n/a,,n/a,,n/a,
propyl_formate,CCCOC=O,110-74-7,NIST,57.177,n/a,,n/a,,n/a,
propylbenzene,CCCc1ccccc1,103-65-1,NIST,93.882,ok_<1%,0.0,ok_<1%,0.0,ok_consensus,0.0
propylene_carbonate,CC1COC(=O)O1,108-32-7,NIST,57.371,n/a,,n/a,,n/a,
propylene_oxide,CC1CO1,75-56-9,NIST,39.31,ok_<1%,0.213,ok_<1%,0.188,ok_consensus,0.188
propyne,CC#C,74-99-7,NIST,29.4,ok_<1%,-0.001,fail_>2%,4.972,one_source_fail,-0.001
pyrazine,C1=CN=CC=N1,290-37-9,NIST,46.515,ok_<1%,-0.0,ok_<1%,0.005,ok_consensus,-0.0
pyrazine,c1cnccn1,290-37-9,NIST,46.516,ok_<1%,-0.002,ok_<1%,0.003,ok_consensus,-0.002
pyrazole,C1=CNN=C1,288-13-1,NIST,40.027,warn_1-2%,-1.917,warn_1-2%,-1.958,ok_consensus,-1.917
pyridazine,C1=CC=NN=C1,289-80-5,NIST,45.663,ok_<1%,-0.002,n/a,,ok_one_source,-0.002
pyridazine,c1ccnnc1,289-80-5,NIST,45.666,ok_<1%,-0.009,n/a,,ok_one_source,-0.009
pyridine,c1ccncc1,110-86-1,NIST,51.43,ok_<1%,0.876,fail_>2%,-8.107,one_source_fail,0.876
pyridine_N-oxide,[O-][n+]1ccccc1,694-59-7,NIST,54.85,n/a,,n/a,,n/a,
pyrimidine,C1=CN=CN=C1,289-95-2,NIST,46.518,ok_<1%,-0.004,ok_<1%,-0.02,ok_consensus,-0.004
pyrrole,c1cc[nH]c1,109-97-7,NIST,44.59,ok_<1%,0.44,ok_<1%,0.437,ok_consensus,0.437
pyrrolidine,C1CCNC1,123-75-1,NIST,55.66,warn_1-2%,-1.218,warn_1-2%,-1.218,ok_consensus,-1.218
pyruvic_acid,CC(=O)C(=O)O,127-17-3,NIST,43.049,n/a,,n/a,,n/a,
quinazoline,c1ccc2ncncc2c1,253-82-7,NIST,80.258,n/a,,n/a,,n/a,
quinoline,C1=CC=C2C(=C1)C=CC=N2,91-22-5,NIST,85.488,n/a,,ok_<1%,-0.001,ok_one_source,-0.001
quinoline,c1ccc2ncccc2c1,91-22-5,NIST,85.488,n/a,,ok_<1%,-0.001,ok_one_source,-0.001
quinoxaline,c1ccc2nccnc2c1,91-19-0,NIST,80.287,n/a,,n/a,,n/a,
resorcinol,OC1=CC(=CC=C1)O,108-46-3,NIST,66.149,n/a,,n/a,,n/a,
salicylaldehyde,OC1=CC=CC=C1C=O,90-02-8,NIST,72.22,n/a,,n/a,,n/a,
salicylic_acid,OC1=CC=CC=C1C(=O)O,69-72-7,NIST,78.428,n/a,,n/a,,n/a,
sec-butylamine,CCC(C)N,13952-84-6,NIST,60.548,ok_<1%,0.028,n/a,,ok_one_source,0.028
spiropentane,C1CC11CC1,157-40-4,NIST,53.295,ok_<1%,-0.0,n/a,,ok_one_source,-0.0
styrene,C=Cc1ccccc1,100-42-5,NIST,74.85,warn_1-2%,1.504,warn_1-2%,1.49,ok_consensus,1.49
styrene_oxide,C1(CO1)C2=CC=CC=C2,96-09-3,NIST,79.843,n/a,,n/a,,n/a,
succinic_acid,C(CC(=O)O)C(=O)O,110-15-6,NIST,62.119,n/a,,ok_<1%,-0.074,ok_one_source,-0.074
succinic_anhydride,O=C1OC(=O)CC1,108-30-5,NIST,51.962,n/a,,n/a,,n/a,
succinimide,O=C1CCC(=O)N1,123-56-8,NIST,54.965,n/a,,n/a,,n/a,
succinonitrile,C(CC#N)C#N,110-61-2,NIST,47.099,warn_1-2%,-1.539,warn_1-2%,-1.069,ok_consensus,-1.069
sulfolane,C1CCS(=O)(=O)C1,126-33-0,NIST,60.711,n/a,,n/a,,n/a,
tBuOH,CC(C)(C)O,75-65-0,NIST,58.13,ok_<1%,-0.007,n/a,,ok_one_source,-0.007
tert-butylamine,CC(C)(C)N,75-64-9,NIST,60.717,ok_<1%,-0.004,n/a,,ok_one_source,-0.004
tert-butylbenzene,CC(C)(C)c1ccccc1,98-06-6,NIST,106.149,n/a,,n/a,,n/a,
tetrahydrofurfuryl_alcohol,OCC1CCCO1,97-99-4,NIST,69.414,n/a,,n/a,,n/a,
tetramethylsilane,C[Si](C)(C)C,75-76-3,NIST,63.903,ok_<1%,-0.065,ok_<1%,0.869,ok_consensus,-0.065
thiazole,C1=CSC=N1,288-47-1,NIST,35.511,n/a,,ok_<1%,-0.698,ok_one_source,-0.698
thioacetic_acid,CC(=O)S,507-09-5,NIST,31.162,n/a,,n/a,,n/a,
thioacetone,CC(=S)C,4756-05-2,NIST,38.96,n/a,,n/a,,n/a,
thioanisole,CSC1=CC=CC=C1,100-68-5,NIST,72.383,n/a,,n/a,,n/a,
thioanisole,CSc1ccccc1,100-68-5,NIST,72.207,n/a,,n/a,,n/a,
thiophene,c1ccsc1,110-02-1,NIST,39.56,warn_1-2%,1.039,fail_>2%,2.199,one_source_fail,1.039
thiophene_2_carboxaldehyde,O=CC1=CC=CS1,98-03-3,NIST,51.726,n/a,,n/a,,n/a,
thiophene_blind,C1=CSC=C1,110-02-1,NIST,40.43,ok_<1%,0.002,ok_<1%,-0.001,ok_consensus,-0.001
thiophenol,C1=CC=C(C=C1)S,108-98-5,NIST,59.843,ok_<1%,-0.02,ok_<1%,0.063,ok_consensus,-0.02
thiophenol,Sc1ccccc1,108-98-5,NIST,59.832,ok_<1%,-0.001,ok_<1%,0.081,ok_consensus,-0.001
thymine,CC1=CNC(=O)NC1=O,65-71-4,NIST,69.066,n/a,,ok_<1%,0.139,ok_one_source,0.139
toluene,Cc1ccccc1,108-88-3,NIST,68.69,warn_1-2%,1.183,n/a,,ok_one_source,1.183
trans_1_2_Dibromoethene,C(=C/Br)\Br,,ATcT_0K,20.2851,n/a,,n/a,,n/a,
trans_1_2_Dichloroethene,C(=C/Cl)\Cl,,ATcT_0K,21.6457,n/a,,n/a,,n/a,
trans_Cycloheptene,C1CCC=CCC1,628-92-2,ATcT_0K,77.0111,n/a,,fail_>2%,2.828,single_fail,2.828
triethyl_phosphate,CCOP(=O)(OCC)OCC,78-40-0,NIST,103.656,n/a,,n/a,,n/a,
triethyl_phosphite,CCOP(OCC)OCC,122-52-1,NIST,98.358,n/a,,ok_<1%,-0.506,ok_one_source,-0.506
triethylamine,CCN(CC)CC,121-44-8,NIST,84.315,ok_<1%,0.512,ok_<1%,0.052,ok_consensus,0.052
triethylborane,CCB(CC)CC,97-94-9,NIST,86.331,n/a,,n/a,,n/a,
trifluoroacetic_acid,OC(=O)C(F)(F)F,76-05-1,NIST,35.837,warn_1-2%,-1.501,n/a,,ok_one_source,-1.501
trifluoroethanol,C(C(F)(F)F)O,75-89-8,NIST,35.892,n/a,,ok_<1%,0.081,ok_one_source,0.081
trimethyl_borate,COB(OC)OC,121-43-7,NIST,66.651,n/a,,n/a,,n/a,
trimethyl_phosphite,COP(OC)OC,121-45-9,NIST,61.575,n/a,,n/a,,n/a,
trimethylacetic_acid,CC(C)(C)C(=O)O,75-98-9,NIST,69.99,n/a,,ok_<1%,0.234,ok_one_source,0.234
trimethylborane,CB(C)C,593-90-8,NIST,49.957,n/a,,n/a,,n/a,
trimethylsilane,C[SiH](C)C,993-07-7,NIST,51.231,n/a,,fail_>2%,-2.669,single_fail,-2.669
trioxane,C1OCOCO1,110-88-3,NIST,48.412,ok_<1%,0.006,fail_>2%,-19.818,one_source_fail,0.006
undecane,CCCCCCCCCCC,1120-21-4,NIST,138.734,n/a,,ok_<1%,-0.001,ok_one_source,-0.001
uracil,O=C1NC=CC(=O)N1,66-22-8,NIST,56.854,n/a,,n/a,,n/a,
urea,NC(=O)N,57-13-6,NIST,31.287,ok_<1%,0.052,ok_<1%,-0.001,ok_consensus,-0.001
urea,NC(N)=O,57-13-6,NIST,31.97,fail_>2%,-2.085,fail_>2%,-2.137,conflict,-2.085
valeric_acid,CCCCC(=O)O,109-52-4,NIST,69.997,n/a,,ok_<1%,0.026,ok_one_source,0.026
valeronitrile,CCCCC#N,110-59-8,NIST,62.269,ok_<1%,-0.018,n/a,,ok_one_source,-0.018
vinylOH,OC=C,557-75-5,NIST,27.76,ok_<1%,0.153,ok_<1%,0.029,ok_consensus,0.029
vinyl_acetate,CC(=O)OC=C,108-05-4,NIST,52.052,n/a,,n/a,,n/a,
vinyl_fluoride,C=CF,75-02-5,NIST,23.895,ok_<1%,0.057,ok_<1%,-0.121,ok_consensus,0.057
vinylacetylene,C=CC#C,689-97-4,NIST,35.03,warn_1-2%,1.889,n/a,,ok_one_source,1.889
xylene_m,CC1=CC(=CC=C1)C,108-38-3,NIST,81.838,n/a,,n/a,,n/a,
xylene_o,CC1=CC=CC=C1C,95-47-6,NIST,81.819,n/a,,ok_<1%,0.001,ok_one_source,0.001
xylene_p,CC1=CC=C(C=C1)C,106-42-3,NIST,81.831,ok_<1%,0.0,ok_<1%,-0.001,ok_consensus,0.0
